Title,Handle,Price,Original_Price,Category,Image_URL
Mug Large - Set of 2,mug-large-set-of-2,28.00,,Home & Garden > Kitchen & Dining > Tableware > Coffee & Tea Sets > Tea Sets,https://cdn.shopify.com/s/files/1/0864/7006/6210/files/MugLarge-Setof2.jpg?v=1773070762
Antique Small Bowl - Set of 2,antique-small-bowl-set-of-2,44.00,,Home & Garden > Kitchen & Dining > Tableware > Dinnerware > Bowls,https://cdn.shopify.com/s/files/1/0864/7006/6210/files/4BFB1262-9788-4195-8636-72C96A19B9B6.jpg?v=17...
Blue Pattern Large Square Dish,blue-pattern-large-square-dish,30.00,,Home & Garden > Kitchen & Dining > Tableware > Serveware > Serving Platters,https://cdn.shopify.com/s/files/1/0864/7006/6210/files/987276C9-CD89-406B-A775-371A0EBBDCB6.jpg?v=17...
Blue Pattern Oval Dish,blue-pattern-oval-dish,48.00,,Home & Garden > Kitchen & Dining > Tableware > Serveware,https://cdn.shopify.com/s/files/1/0864/7006/6210/files/9198B970-B4F5-4840-93F0-A1205C17184C.jpg?v=17...
Blue Pattern Small Serving Dish,blue-pattern-small-serving-dish,44.00,,Home & Garden > Kitchen & Dining > Tableware > Serveware,https://cdn.shopify.com/s/files/1/0864/7006/6210/files/3B0FB537-9E28-4B0F-B37E-ABFB33D4AB42.jpg?v=17...
Blue Pattern Medium Serving Dish,blue-pattern-medium-serving-dish,48.00,,Home & Garden > Kitchen & Dining > Tableware > Serveware > Serving Platters,https://cdn.shopify.com/s/files/1/0864/7006/6210/files/B62449F4-499D-4D48-8980-E399C85945C7.jpg?v=17...
Blue Pattern Large Serving Dish,blue-pattern-large-serving-dish,50.00,,Home & Garden > Kitchen & Dining > Tableware > Serveware > Serving Platters,https://cdn.shopify.com/s/files/1/0864/7006/6210/files/867AC1C3-C793-44BE-93A4-605F4EF0436F.jpg?v=17...
Blue Pattern Quarter Plate,blue-pattern-quarter-plate,28.00,,Home & Garden > Kitchen & Dining > Tableware > Dinnerware > Plates,https://cdn.shopify.com/s/files/1/0864/7006/6210/files/54579BB5-810D-4A3A-B500-518E7B9BB84D.jpg?v=17...
Blue Pattern Dinner plate,blue-pattern-dinner-plate,30.00,,Home & Garden > Kitchen & Dining > Tableware > Dinnerware > Plates,https://cdn.shopify.com/s/files/1/0864/7006/6210/files/D061405E-4E93-44C8-BD1D-643B3C4625B7.jpg?v=17...
Kashmir Multi Medium Rectangle Dish,kashmir-multi-medium-rectangle-dish,48.00,,Home & Garden > Kitchen & Dining > Tableware > Serveware,https://cdn.shopify.com/s/files/1/0864/7006/6210/files/6B441C03-A362-42F4-9FB4-737E0F88CF57.jpg?v=17...
Blue Felicity Ash Tray,blue-felicity-ash-tray,35.00,,Home & Garden > Smoking Accessories > Ashtrays,https://cdn.shopify.com/s/files/1/0864/7006/6210/files/096A38D3-D334-4CDA-9965-F11EB15C0234.jpg?v=17...
Blue Flower Bowl with Cap,blue-flower-bowl-with-cap,35.00,,Home & Garden > Kitchen & Dining > Tableware > Dinnerware > Bowls,https://cdn.shopify.com/s/files/1/0864/7006/6210/files/F5E18737-BC5C-4C8A-A200-2671554FFA2A.jpg?v=17...
Antique Dark Blue Platter - Large,antique-dark-blue-platter-large,56.00,,Home & Garden > Kitchen & Dining > Tableware > Serveware > Serving Platters,https://cdn.shopify.com/s/files/1/0864/7006/6210/files/883230B1-B945-4132-AC41-A71E35B934AC.jpg?v=17...
Multi Flower Oval Dish,multi-flower-oval-dish,14.27,,Home & Garden > Kitchen & Dining > Tableware > Serveware,https://cdn.shopify.com/s/files/1/0864/7006/6210/files/C4526683-7A70-40E9-BC8B-7F0A3D46A74B.jpg?v=17...
Multi Flower Quarter Plate,multi-flower-quarter-plate,28.00,,Home & Garden > Kitchen & Dining > Tableware > Dinnerware > Plates,https://cdn.shopify.com/s/files/1/0864/7006/6210/files/198C05C2-454F-4461-9E5C-D0AA10684FDC.jpg?v=17...
New Multi Soup Bowl - Set of 2,new-multi-soup-bowl-set-of-2,48.00,,Home & Garden > Kitchen & Dining > Tableware > Dinnerware > Bowls,https://cdn.shopify.com/s/files/1/0864/7006/6210/files/5758CA33-AEF6-4729-B507-EBDB4BA51142.jpg?v=17...
New Multi Square Dish - Medium,new-multi-square-dish-medium,48.00,,Home & Garden > Kitchen & Dining > Tableware > Serveware,https://cdn.shopify.com/s/files/1/0864/7006/6210/files/A604AF81-3583-4ACC-8991-0E891B4EE662.webp?v=1...
Blue Flower Flat Dish,blue-flower-flat-dish-1,10.70,,Home & Garden > Kitchen & Dining > Tableware > Serveware > Serving Platters,https://cdn.shopify.com/s/files/1/0864/7006/6210/files/IMG_5844.jpg?v=1771904429
Blue Flower Quarter Plate,blue-flower-quarter-plate,30.00,,Home & Garden > Kitchen & Dining > Tableware > Dinnerware > Plates,https://cdn.shopify.com/s/files/1/0864/7006/6210/files/88FF5E68-EDF8-47BD-B659-720EDEE30F10_08507943...
Blue Flower Small Bowl - Set of 2,blue-flower-small-bowl-set-of-2,45.00,,Home & Garden > Kitchen & Dining > Tableware > Dinnerware > Bowls,https://cdn.shopify.com/s/files/1/0864/7006/6210/files/AE08F192-F0BD-4681-98EC-BA4E86F2BD98.jpg?v=17...
Blue Heart Small Serving Dish,blue-heart-small-serving-dish,44.00,,Home & Garden > Kitchen & Dining > Tableware > Serveware > Serving Platters,https://cdn.shopify.com/s/files/1/0864/7006/6210/files/F3D278C2-69CF-420E-90F8-7995F1B824E9.webp?v=1...
Blue Flower Salad Dish,blue-flower-salad-dish,35.00,,Home & Garden > Kitchen & Dining > Tableware > Serveware,https://cdn.shopify.com/s/files/1/0864/7006/6210/files/IMG_4792.jpg?v=1771904425
Bundle Deal 1-Blue Celico Design,bundle-deal-1-blue-celico-design,125.00,,Home & Garden > Kitchen & Dining > Tableware > Dinnerware > Dinnerware Sets,https://cdn.shopify.com/s/files/1/0864/7006/6210/files/C6ECE174-9495-44F7-AC8F-75B1DF309CD6.jpg?v=17...
Blue Pattern Large Jar,blue-pattern-large-jar,42.80,,Home & Garden > Kitchen & Dining > Food Storage,https://cdn.shopify.com/s/files/1/0864/7006/6210/files/C368BD4F-F516-4AB9-A086-597627EA42A8.jpg?v=17...
Blue Pattern Flat Dish,blue-pattern-flat-dish,30.00,,Home & Garden > Kitchen & Dining > Tableware > Dinnerware > Dinnerware Sets,https://cdn.shopify.com/s/files/1/0864/7006/6210/files/F563FCE0-8A13-4D5A-84D1-1358EC161860.jpg?v=17...
New Blue Celico Large Rectangle Serving Dish,new-blue-celico-large-rectangle-serving-dish,65.00,,Home & Garden > Kitchen & Dining > Tableware > Serveware > Serving Platters,https://cdn.shopify.com/s/files/1/0864/7006/6210/files/5A702C9F-CCEB-428A-9518-71281931F12E.jpg?v=17...
Decorative Plate (Iznik Art with Floral Design),decorative-plate-iznik-art-with-floral-design,32.00,,Home & Garden > Decor > Decorative Plates,https://cdn.shopify.com/s/files/1/0864/7006/6210/files/64-removebg-preview_e7581c3a-a95c-4941-b5ac-b...
Decorative Plate (Iznik Art with Flower Design),decorative-plate-iznik-art-with-flower-design,32.00,,Home & Garden > Decor > Decorative Plates,https://cdn.shopify.com/s/files/1/0864/7006/6210/files/63-removebg-preview_a4f50dfc-e4fd-468a-8b27-8...
ecorate Plate (Iznik Art),ecorate-plate-iznik-art,29.00,,Home & Garden > Kitchen & Dining > Tableware > Dinnerware > Plates,https://cdn.shopify.com/s/files/1/0864/7006/6210/files/62-removebg-preview_9b41e1c5-6129-4fa2-b30c-5...
Decorative Plate (Iznik Art in Blue),decorative-plate-iznik-art-in-blue,25.00,,Home & Garden > Decor > Decorative Plates,https://cdn.shopify.com/s/files/1/0864/7006/6210/files/61-removebg-preview_402eca72-f49a-49f8-b60e-b...
Ceramics Traditional Dinner Set (BC-1),ceramics-traditional-dinner-set-bc-1,45.00,,Home & Garden > Kitchen & Dining > Tableware > Dinnerware > Dinnerware Sets,https://cdn.shopify.com/s/files/1/0864/7006/6210/files/set_3_copy-removebg-preview.png?v=1771904416
Ceramics Dinner Set (MC-1),ceramics-dinner-set-mc-1,425.00,,Home & Garden > Kitchen & Dining > Tableware > Dinnerware > Dinnerware Sets,https://cdn.shopify.com/s/files/1/0864/7006/6210/files/set_2_copy-removebg-preview.png?v=1771904414
Ceramics Dinner Set (BC-II),ceramics-dinner-set-bc-ii,460.00,,Home & Garden > Kitchen & Dining > Tableware > Dinnerware > Dinnerware Sets,https://cdn.shopify.com/s/files/1/0864/7006/6210/files/Set_1-removebg-preview.png?v=1771904413
Ceramic Floral Large Planter (M-C),ceramic-floral-large-planter-m-c,75.00,,Home & Garden > Lawn & Garden > Gardening > Pots & Planters > Planters,https://cdn.shopify.com/s/files/1/0864/7006/6210/files/110-removebg-preview.png?v=1771904412
Ceramic Floral Planter (MC-L),ceramic-floral-planter-mc-l,50.00,,Home & Garden > Lawn & Garden > Gardening > Pots & Planters > Planters,https://cdn.shopify.com/s/files/1/0864/7006/6210/files/180-removebg-preview.png?v=1771904411
Bowl Set (BC-I),bowl-set-bc-i,120.00,,Home & Garden > Kitchen & Dining > Tableware > Dinnerware > Bowls,https://cdn.shopify.com/s/files/1/0864/7006/6210/files/rn-image_picker_lib_temp_f63321f4-3d73-426d-8...
Handmade Ceramic Square Plate (MC-1),handmade-ceramic-square-plate-mc-1,44.00,,Home & Garden > Kitchen & Dining > Tableware > Dinnerware > Plates,https://cdn.shopify.com/s/files/1/0864/7006/6210/files/59_7e23cc98-94be-42fd-acba-71eb3bca63fc-remov...
Handmade Ceramic Square Plate (MC-3),handmade-ceramic-square-plate-mc-3,40.00,,Home & Garden > Kitchen & Dining > Tableware > Dinnerware > Plates,https://cdn.shopify.com/s/files/1/0864/7006/6210/files/55-removebg-preview_c3e4c314-0faa-4a3a-9773-b...
Handmade Floral Petals Dinner Plate (MC),handmade-floral-petals-dinner-plate-mc,30.00,,Home & Garden > Kitchen & Dining > Tableware > Dinnerware > Plates,https://cdn.shopify.com/s/files/1/0864/7006/6210/files/49_06acf6e6-2f9d-4dd4-96aa-ed90c968d0f8-remov...
Handmade Ceramic Floral Bread Dish (BC),handmade-ceramic-floral-bread-dish-bc,48.00,,Home & Garden > Kitchen & Dining > Tableware > Serveware,https://cdn.shopify.com/s/files/1/0864/7006/6210/files/DeWatermark.ai_1741626890224-removebg-preview...
Handmade Ceramic Floral Dinner Plate (MC-10),handmade-ceramic-floral-dinner-plate-mc-10,38.00,,Home & Garden > Kitchen & Dining > Tableware > Dinnerware > Plates,https://cdn.shopify.com/s/files/1/0864/7006/6210/files/64_0d87a30a-ce23-48b3-819d-b17186f9c9dc-remov...
Handmade Ceramics Curry Bowl with Lid,handmade-ceramics-curry-bowl-with-lid,50.00,,Home & Garden > Kitchen & Dining > Tableware > Dinnerware > Bowls,https://cdn.shopify.com/s/files/1/0864/7006/6210/files/1_0039_tevtashahdraprodcuts0387-removebg-prev...
Pizza Plate (Large),pizza-plate-large,42.00,,Home & Garden > Kitchen & Dining > Tableware > Dinnerware > Plates,https://cdn.shopify.com/s/files/1/0864/7006/6210/files/1_0038_tevtashahdraprodcuts0422-removebg-prev...
Handcrafted Decorative Plate (04 Compartments),handcrafted-decorative-plate-04-compartments,50.00,,Home & Garden > Decor > Decorative Plates,https://cdn.shopify.com/s/files/1/0864/7006/6210/files/1_6b224590-a315-426c-814d-fddee5cfdf29-remove...
Handmade Midnight Blossoms Table Lamp (BC-M),handmade-midnight-blossoms-table-lamp-bc-m,54.00,,Home & Garden > Lighting > Lamps > Table Lamps,https://cdn.shopify.com/s/files/1/0864/7006/6210/files/14_62ef58bd-4ce3-4323-bb3c-4a1cf1e50f52-remov...
Ceramic Box Table Lamp Base,ceramic-box-table-lamp-base,38.00,,Home & Garden > Lighting > Lamps > Table Lamps,https://cdn.shopify.com/s/files/1/0864/7006/6210/files/57_0bdadab2-b69f-49e3-99b2-eeaaeab5bdf3-remov...
Ceramic Floral Table Lamp Base,ceramic-floral-table-lamp-base,60.00,,Home & Garden > Lighting > Lamps > Table Lamps,https://cdn.shopify.com/s/files/1/0864/7006/6210/files/58-removebg-preview_5fde649d-50f5-46ed-8c8d-1...
Ceramics Floral Tea Set (MC-II),ceramics-floral-tea-set-mc-ii,100.00,,Home & Garden > Kitchen & Dining > Tableware > Coffee & Tea Sets > Tea Sets,https://cdn.shopify.com/s/files/1/0864/7006/6210/files/WhatsAppImage2025-02-08at14.44.46-removebg-pr...
Ceramics Red Tea Set,ceramics-red-tea-set,100.00,,Home & Garden > Kitchen & Dining > Tableware > Coffee & Tea Sets > Tea Sets,https://cdn.shopify.com/s/files/1/0864/7006/6210/files/IMAGE-EDIT_c0363bb1-8f67-42d4-90c5-4bd754e96b...
eramics Floral Tea Set (YC),eramics-floral-tea-set-yc,100.00,,Home & Garden > Kitchen & Dining > Tableware > Coffee & Tea Sets > Tea Sets,https://cdn.shopify.com/s/files/1/0864/7006/6210/files/30-removebg-preview_7d1f8b3c-7938-4a8a-b714-6...
Ceramic Floral Tea Set 3,ceramic-floral-tea-set-3,100.00,,Home & Garden > Kitchen & Dining > Tableware > Coffee & Tea Sets > Tea Sets,https://cdn.shopify.com/s/files/1/0864/7006/6210/files/186-removebg-preview.png?v=1771904394
Ceramic Floral Tea Set 2,ceramic-floral-tea-set-2,100.00,,Home & Garden > Kitchen & Dining > Tableware > Coffee & Tea Sets > Tea Sets,https://cdn.shopify.com/s/files/1/0864/7006/6210/files/185-removebg-preview.png?v=1771904393
Ceramic Floral Tea Set (MC-1),ceramic-floral-tea-set-mc-1,100.00,,Home & Garden > Kitchen & Dining > Tableware > Coffee & Tea Sets > Tea Sets,https://cdn.shopify.com/s/files/1/0864/7006/6210/files/187-removebg-preview.png?v=1771904392
Ceramic Floral Tea Set (BC-P),ceramic-floral-tea-set-bc-p,100.00,,Home & Garden > Kitchen & Dining > Tableware > Coffee & Tea Sets > Tea Sets,https://cdn.shopify.com/s/files/1/0864/7006/6210/files/188-removebg-preview.png?v=1771904391
Ceramic Floral Desert Art Tea Set,ceramic-floral-desert-art-tea-set,110.00,,Home & Garden > Kitchen & Dining > Tableware > Coffee & Tea Sets > Tea Sets,https://cdn.shopify.com/s/files/1/0864/7006/6210/files/182-removebg-preview.png?v=1771904389
Ceramic Floral Surahi Vase (MC-II),ceramic-floral-surahi-vase-mc-ii,55.00,,Home & Garden > Decor > Vases,https://cdn.shopify.com/s/files/1/0864/7006/6210/files/138-removebg-preview.png?v=1771904388
Ceramic Floral Mughal Vase - I,ceramic-floral-mughal-vase-i,70.00,,Home & Garden > Decor > Vases,https://cdn.shopify.com/s/files/1/0864/7006/6210/files/133-removebg-preview.png?v=1771904387
Ceramic Floral Surahi Moonflask Vase (Large),ceramic-floral-surahi-moonflask-vase-large,80.00,,Home & Garden > Decor > Vases,https://cdn.shopify.com/s/files/1/0864/7006/6210/files/114-removebg-preview.png?v=1771904386
Ceramic Floral Surahi Vase (MC-L),ceramic-floral-surahi-vase-mc-l,55.00,,Home & Garden > Decor > Vases,https://cdn.shopify.com/s/files/1/0864/7006/6210/files/141-removebg-preview.png?v=1771904385
Ceramic Floral Special Vase MLV - I (M-C),ceramic-floral-special-vase-mlv-i-m-c,50.00,,Home & Garden > Decor > Vases,https://cdn.shopify.com/s/files/1/0864/7006/6210/files/102-removebg-preview.png?v=1771904384
Ceramic Floral Round Vase - Large (M-C),ceramic-floral-round-vase-large-m-c,72.00,,Home & Garden > Decor > Vases,https://cdn.shopify.com/s/files/1/0864/7006/6210/files/126-removebg-preview.png?v=1771904384
Ceramic Floral Special Mold Jar MLV - I,ceramic-floral-special-mold-jar-mlv-i,58.00,,Home & Garden > Decor > Decorative Jars,https://cdn.shopify.com/s/files/1/0864/7006/6210/files/111-removebg-preview.png?v=1771904382
Handmade Artisanal Special Ceramic Mold (BC-L),handmade-artisanal-special-ceramic-mold-bc-l,90.00,,Arts & Entertainment > Hobbies & Creative Arts > Arts & Crafts > Art & Crafting Tools,https://cdn.shopify.com/s/files/1/0864/7006/6210/files/15_300fee47-f61a-448b-bd42-816bfe12e7bd-remov...
4 Piece White Floral Rice Serving Set|Blue pottery,4-piece-white-floral-rice-serving-set-blue-pottery,51.38,,Home & Garden > Kitchen & Dining > Tableware > Dinnerware > Dinnerware Sets,https://cdn.shopify.com/s/files/1/0864/7006/6210/files/rn-image_picker_lib_temp_7416adae-f960-425d-8...
5 Piece White Floral Serving Set|Blue pottery,5-piece-white-floral-serving-set-blue-pottery,69.25,,Home & Garden > Kitchen & Dining > Tableware > Dinnerware > Dinnerware Sets,https://cdn.shopify.com/s/files/1/0864/7006/6210/files/rn-image_picker_lib_temp_dec22459-7dfc-4395-8...
Set of Three White Floral Round Serving dish|Blue pottery,set-of-three-white-floral-round-serving-dish-blue-pottery,65.00,,Home & Garden > Kitchen & Dining > Tableware > Serveware > Serving Platters,https://cdn.shopify.com/s/files/1/0864/7006/6210/files/rn-image_picker_lib_temp_b7b88e6a-11b9-461f-b...
White Floral Donga/Cover Pot|Blue Pottery,white-floral-donga-cover-pot-blue-pottery,50.00,,Home & Garden > Kitchen & Dining > Cookware & Bakeware > Cookware > Tagines & Clay Cooking Pots > Clay Cooking Pots,https://cdn.shopify.com/s/files/1/0864/7006/6210/files/rn-image_picker_lib_temp_55a0cce6-1ca4-4555-8...
White Floral Handi/Traditional Pot|Blue Pottery,white-floral-handi-traditional-pot-blue-pottery-1,50.00,,Home & Garden > Decor > Decorative Bowls,https://cdn.shopify.com/s/files/1/0864/7006/6210/files/rn-image_picker_lib_temp_9f05b565-d2f2-4234-9...
White Floral Karahi/Traditional Wok|Blue Pottery,white-floral-karahi-traditional-wok-blue-pottery,44.00,,Home & Garden > Kitchen & Dining > Cookware & Bakeware > Cookware > Woks,https://cdn.shopify.com/s/files/1/0864/7006/6210/files/Photoroom-20240608-113025_4-removebg-preview....
White Floral Kebab/Salad Serving Dish|Blue Pottery,white-floral-kebab-salad-serving-dish-blue-pottery,40.00,,Home & Garden > Kitchen & Dining > Tableware > Serveware > Serving Trays,https://cdn.shopify.com/s/files/1/0864/7006/6210/files/rn-image_picker_lib_temp_68eafa1f-7a58-45da-a...
Pitcher Vase with Handle,pitcher-vase-with-handle,48.00,,Home & Garden > Decor > Vases,https://cdn.shopify.com/s/files/1/0864/7006/6210/files/44sd.png?v=1771904368
Ash Tray,ash-tray,30.00,,Home & Garden > Smoking Accessories > Ashtrays,https://cdn.shopify.com/s/files/1/0864/7006/6210/files/23c.png?v=1771904367
White Floral Large Round Platter/ Pizza Plate|Blue pottery,white-floral-large-round-platter-pizza-plate-blue-pottery,40.00,,Home & Garden > Kitchen & Dining > Tableware > Serveware > Serving Platters,https://cdn.shopify.com/s/files/1/0864/7006/6210/files/rn-image_picker_lib_temp_ad2ce38e-b85e-4dfd-9...
Rice Plater Dish,rice-plater-dish,50.00,,Home & Garden > Kitchen & Dining > Tableware > Serveware > Serving Platters,https://cdn.shopify.com/s/files/1/0864/7006/6210/files/22d.png?v=1771904364
Fruit Dish,fruit-dish,48.00,,Home & Garden > Kitchen & Dining > Tableware > Serveware,https://cdn.shopify.com/s/files/1/0864/7006/6210/files/21q.png?v=1771904363
Handi,handi-1,17.74,,Home & Garden > Kitchen & Dining > Tableware > Serveware,https://cdn.shopify.com/s/files/1/0864/7006/6210/files/20a.png?v=1771904362
Gamla (Pot),gamla-pot,65.00,,Home & Garden > Lawn & Garden > Gardening > Pots & Planters > Pots,https://cdn.shopify.com/s/files/1/0864/7006/6210/files/19b.png?v=1771904361
Flower Dish,flower-dish,42.00,,Home & Garden > Decor > Decorative Trays,https://cdn.shopify.com/s/files/1/0864/7006/6210/files/17m.png?v=1771904360
Butter Dish,butter-dish-1,45.00,,Home & Garden > Kitchen & Dining > Tableware > Serveware > Butter Dishes,https://cdn.shopify.com/s/files/1/0864/7006/6210/files/16g.png?v=1771904359
White Floral Rice Dish|Blue pottery,white-floral-rice-dish-blue-pottery,48.00,,Home & Garden > Kitchen & Dining > Tableware > Serveware > Serving Platters,https://cdn.shopify.com/s/files/1/0864/7006/6210/files/rn-image_picker_lib_temp_95639109-b13f-4d65-9...
Floral White Dinner Plate| 10 inches| Single Plate,floral-white-dinner-plate-10-inches-single-plate,28.00,,Home & Garden > Kitchen & Dining > Tableware > Dinnerware > Plates,https://cdn.shopify.com/s/files/1/0864/7006/6210/files/rn-image_picker_lib_temp_c39cc731-eaeb-452f-8...
White Floral 6 person Dessert Set/Soup Set,white-floral-6-person-dessert-set-soup-set,75.00,,Home & Garden > Kitchen & Dining > Tableware > Dinnerware > Dinnerware Sets,https://cdn.shopify.com/s/files/1/0864/7006/6210/files/rn-image_picker_lib_temp_ac0f97f9-c35d-4721-8...
Floral White Dessert Serving Set(Square+bowl)|Blue Pottery,floral-white-dessert-serving-setsquare-bowl-blue-pottery,84.00,,Home & Garden > Kitchen & Dining > Tableware > Dinnerware > Dinnerware Sets,https://cdn.shopify.com/s/files/1/0864/7006/6210/files/rn-image_picker_lib_temp_7fdd21b8-144b-4c51-b...
Floral White kebab Dish(Long)|Blue Pottery,floral-white-kebab-dishlong-blue-pottery,34.00,,Home & Garden > Kitchen & Dining > Tableware > Serveware,https://cdn.shopify.com/s/files/1/0864/7006/6210/files/rn-image_picker_lib_temp_f6ff802d-f7d8-4423-b...
Ceramic Coffee Mug,ceramic-coffee-mug,15.00,,Home & Garden > Kitchen & Dining > Tableware > Drinkware > Mugs,https://cdn.shopify.com/s/files/1/0864/7006/6210/files/15p.png?v=1771904352
7 Piece White Floral Dessert Serving Set (Round)|Blue Pottery,7-piece-white-floral-dessert-serving-set-round-blue-pottery,44.68,,Home & Garden > Kitchen & Dining > Tableware > Dinnerware > Dinnerware Sets,https://cdn.shopify.com/s/files/1/0864/7006/6210/files/Photoroom-20240610-065818-removebg-preview.pn...
Ceramic Lamp,ceramic-lamp,50.00,,Home & Garden > Lighting > Lamps,https://cdn.shopify.com/s/files/1/0864/7006/6210/files/14t.png?v=1771904350
Quarter Plate,quarter-plate,30.00,,Home & Garden > Decor > Decorative Trays,https://cdn.shopify.com/s/files/1/0864/7006/6210/files/13r.png?v=1771904349
7 Piece White Floral Dessert Serving Set|Blue Pottery,7-piece-white-floral-dessert-serving-set-blue-pottery,40.21,,Home & Garden > Kitchen & Dining > Tableware > Dinnerware > Dinnerware Sets,https://cdn.shopify.com/s/files/1/0864/7006/6210/files/Photoroom-20240610-065127-removebg-preview.pn...
Ayat Plate,ayat-plate,30.00,,Home & Garden > Decor > Decorative Plates,https://cdn.shopify.com/s/files/1/0864/7006/6210/files/11y.png?v=1771904347
Floral White Dinner Plate| 10 inches|Set of 6,floral-white-dinner-plate-10-inches-set-of-6,85.00,,Home & Garden > Kitchen & Dining > Tableware > Dinnerware > Plates,https://cdn.shopify.com/s/files/1/0864/7006/6210/files/rn-image_picker_lib_temp_6574f4ac-fb11-4380-9...
Water Set,water-set,75.00,,Home & Garden > Kitchen & Dining > Tableware > Coffee & Tea Sets,https://cdn.shopify.com/s/files/1/0864/7006/6210/files/9.png?v=1771904344
5 Piece Floral White BBQ Serving Set|Blue Pottery,5-piece-floral-white-bbq-serving-set-blue-pottery,67.02,,Home & Garden > Kitchen & Dining > Tableware > Dinnerware > Dinnerware Sets,https://cdn.shopify.com/s/files/1/0864/7006/6210/files/rn-image_picker_lib_temp_c796be56-4d86-4a0c-8...
Triangle Dish,triangle-dish,45.00,,Home & Garden > Decor > Decorative Bowls,https://cdn.shopify.com/s/files/1/0864/7006/6210/files/8-removebg-preview_d5b9abed-7189-4efa-b5a7-2b...
Chinese Jar,chinese-jar-2,48.00,,Home & Garden > Decor > Decorative Jars,https://cdn.shopify.com/s/files/1/0864/7006/6210/files/7-removebg-preview_1401ed44-ab50-425f-b937-64...
Cylinder Vase,cylinder-vase-1,18.85,,Home & Garden > Decor > Vases,https://cdn.shopify.com/s/files/1/0864/7006/6210/files/6-removebg-preview_ad734247-d283-4176-978e-b7...
Surahi Vase Medium,surahi-vase-medium,68.00,,Home & Garden > Decor > Vases,https://cdn.shopify.com/s/files/1/0864/7006/6210/files/5-removebg-preview_f39a7c4d-8090-49af-a761-5c...
Bottle Vase,bottle-vase-2,58.00,,Home & Garden > Decor > Vases,https://cdn.shopify.com/s/files/1/0864/7006/6210/files/4-removebg-preview_6b8f41ff-a075-46a3-be63-c3...
Surahi Vase,surahi-vase,68.00,,Home & Garden > Decor > Vases,https://cdn.shopify.com/s/files/1/0864/7006/6210/files/3-removebg-preview_84f663da-a653-4fee-8a2c-2f...
Large Vase,large-vase,65.00,,Home & Garden > Decor > Vases,https://cdn.shopify.com/s/files/1/0864/7006/6210/files/2-removebg-preview_d89d4ee0-fb39-4694-90fd-c4...
Medium Vase I,medium-vase-i-1,65.00,,Home & Garden > Decor > Vases,https://cdn.shopify.com/s/files/1/0864/7006/6210/files/1-removebg-preview_ac891d6e-e72c-4937-8d99-ec...
6 Piece Iconic Blue Serving Set|Blue pottery,6-piece-iconic-blue-serving-set-blue-pottery,100.53,,Home & Garden > Kitchen & Dining > Tableware > Dinnerware > Dinnerware Sets,https://cdn.shopify.com/s/files/1/0864/7006/6210/files/rn-image_picker_lib_temp_11dba796-8315-41ac-9...
Iconic Blue Handi/Traditional Pot|Blue Pottery,iconic-blue-handi-traditional-pot-blue-pottery,50.00,,Home & Garden > Kitchen & Dining > Cookware & Bakeware > Cookware > Tagines & Clay Cooking Pots > Clay Cooking Pots,https://cdn.shopify.com/s/files/1/0864/7006/6210/files/rn-image_picker_lib_temp_bd16bc53-29c6-4e0e-a...
Iconic Blue Medium Round Serving dish|Blue pottery,iconic-blue-medium-round-serving-dish-blue-pottery,21.22,,Home & Garden > Kitchen & Dining > Tableware > Serveware,https://cdn.shopify.com/s/files/1/0864/7006/6210/files/rn-image_picker_lib_temp_084e0083-4d1a-4425-9...
Iconic Blue Medium Square Serving dish|Blue pottery,iconic-blue-medium-square-serving-dish-blue-pottery,40.00,,Home & Garden > Kitchen & Dining > Tableware > Serveware,https://cdn.shopify.com/s/files/1/0864/7006/6210/files/Photoroom-20240604-111932-removebg-preview.pn...
Set of Two Iconic Blue Round Serving dish|Blue pottery,set-of-two-iconic-blue-round-serving-dish-blue-pottery,48.00,,Home & Garden > Kitchen & Dining > Tableware > Serveware,https://cdn.shopify.com/s/files/1/0864/7006/6210/files/rn-image_picker_lib_temp_72b02469-06ee-41e6-a...
Set of two Iconic Blue Square Serving dish|Blue pottery,set-of-two-iconic-blue-square-serving-dish-blue-pottery,44.68,,Home & Garden > Kitchen & Dining > Tableware > Serveware > Serving Platters,https://cdn.shopify.com/s/files/1/0864/7006/6210/files/rn-image_picker_lib_temp_a62a01ef-e33f-4075-b...
Iconic Blue Medium Round Platter/ Pizza Plate|Blue pottery,iconic-blue-medium-round-platter-pizza-plate-blue-pottery,50.00,,Home & Garden > Kitchen & Dining > Tableware > Serveware > Serving Platters,https://cdn.shopify.com/s/files/1/0864/7006/6210/files/IMG-2024_06_25_210243-removebg-preview.png?v=...
Set of two Iconic Blue Handis/Traditional Pots |Blue Pottery,set-of-two-iconic-blue-handis-traditional-pots-blue-pottery-1,68.00,,Home & Garden > Kitchen & Dining > Cookware & Bakeware > Cookware,https://cdn.shopify.com/s/files/1/0864/7006/6210/files/Photoroom-20240726-180721-removebg-preview.pn...
Iconic Blue Water set for 6 person,iconic-blue-water-set-for-6-person,82.00,,Home & Garden > Kitchen & Dining > Tableware > Dinnerware > Dinnerware Sets,https://cdn.shopify.com/s/files/1/0864/7006/6210/files/IMAGE-EDIT_181a8b13-7378-4b64-8d01-4eb856b855...
3 Piece Iconic Blue kebab Serving Set,3-piece-iconic-blue-kebab-serving-setlong-blue-pottery,26.25,,Home & Garden > Kitchen & Dining > Tableware > Serveware,https://cdn.shopify.com/s/files/1/0864/7006/6210/files/rn-image_picker_lib_temp_e600358e-3cc1-4892-8...
Iconic Blue 6 person Dessert Set(Round),iconic-blue-6-person-dessert-setround,70.00,,Home & Garden > Kitchen & Dining > Tableware > Dinnerware > Dinnerware Sets,https://cdn.shopify.com/s/files/1/0864/7006/6210/files/rn-image_picker_lib_temp_822e0927-0a6a-4e46-8...
Iconic Blue Dinner Plate| 10 inches|Single plate,iconic-blue-dinner-plate-10-inches-single-plate,32.00,,Home & Garden > Kitchen & Dining > Tableware > Dinnerware > Plates,https://cdn.shopify.com/s/files/1/0864/7006/6210/files/rn-image_picker_lib_temp_0d01a191-6d3f-455b-a...
Iconic Blue kebab Dish(Long)|Blue Pottery,iconic-blue-kebab-dishlong-blue-pottery,40.00,,Home & Garden > Kitchen & Dining > Tableware > Serveware,https://cdn.shopify.com/s/files/1/0864/7006/6210/files/rn-image_picker_lib_temp_d54f08e9-fd3a-48fc-b...
Set of Three Iconic Blue Platter/Serving dish|Blue pottery,set-of-three-iconic-blue-platter-serving-dish-blue-pottery,65.00,,Home & Garden > Kitchen & Dining > Tableware > Serveware > Serving Platters,https://cdn.shopify.com/s/files/1/0864/7006/6210/files/rn-image_picker_lib_temp_de49939f-8cc6-4cda-9...
Bundle Deal 2-Light Serina Blue,13-piece-iconic-blue-serving-set-blue-pottery,130.00,,Home & Garden > Kitchen & Dining > Tableware > Dinnerware > Dinnerware Sets,https://cdn.shopify.com/s/files/1/0864/7006/6210/files/98E961BE-CFB1-4E6B-A541-2F9D485AAFB4.jpg?v=17...
Setof 6 Classic Blue Mugs,setof-6-classic-blue-mugs,61.44,,Home & Garden > Kitchen & Dining > Tableware > Drinkware > Mugs,https://cdn.shopify.com/s/files/1/0864/7006/6210/files/DSC-1107_200x200-removebg-preview.png?v=17719...
Set of 2 Classic Blue Bowls,set-of-2-classic-blue-bowls,30.00,,Home & Garden > Kitchen & Dining > Tableware > Dinnerware > Bowls,https://cdn.shopify.com/s/files/1/0864/7006/6210/files/rn-image_picker_lib_temp_f64d6601-3997-4ec1-a...
Traditional Wall Decor Plates Set,traditional-wall-decor-plates-set-1,106.12,,Home & Garden > Decor > Decorative Plates,https://cdn.shopify.com/s/files/1/0864/7006/6210/files/Best-Wall-Hanging-Plate-removebg-preview_1.pn...
Premium kitchen set,premium-kitchen-set-1,42.00,,Home & Garden > Kitchen & Dining > Kitchen Tools & Utensils,https://cdn.shopify.com/s/files/1/0864/7006/6210/files/WhatsAppImage2025-03-04at10.06.13PM_200x200-r...
3-tier ceramic cake stand,3-tier-ceramic-cake-stand-10,40.43,,Home & Garden > Kitchen & Dining > Tableware > Serveware > Cake Stands,https://cdn.shopify.com/s/files/1/0864/7006/6210/files/WhatsAppImage2025-04-13at4.22.05AM_84a644c2-6...
3-tier ceramic cake stand,3-tier-ceramic-cake-stand-9,40.84,,Home & Garden > Kitchen & Dining > Tableware > Serveware > Cake Stands,https://cdn.shopify.com/s/files/1/0864/7006/6210/files/WhatsAppImage2025-04-13at4.22.05AM_2.jpg?v=17...
3-tier ceramic cake stand,3-tier-ceramic-cake-stand-8,60.54,,Home & Garden > Kitchen & Dining > Tableware > Serveware > Cake Stands,https://cdn.shopify.com/s/files/1/0864/7006/6210/files/WhatsAppImage2025-04-16at11.09.48PM.jpg?v=177...
Deer Showpiece,deer-showpiece-1,100.00,,Home & Garden > Decor,https://cdn.shopify.com/s/files/1/0864/7006/6210/files/WhatsAppImage2025-03-04at10.06.10PM_2_200x200...
3-tier ceramic cake stand,3-tier-ceramic-cake-stand-7,60.43,,Home & Garden > Kitchen & Dining > Tableware > Serveware > Cake Stands,https://cdn.shopify.com/s/files/1/0864/7006/6210/files/WhatsAppImage2025-04-13at4.22.04AM.jpg?v=1771...
Deer Showpiece,deer-showpiece,120.00,,Home & Garden > Decor,https://cdn.shopify.com/s/files/1/0864/7006/6210/files/WhatsAppImage2025-03-04at10.06.10PM_200x200-r...
3-tier ceramic cake stand,3-tier-ceramic-cake-stand-6,40.50,,Home & Garden > Kitchen & Dining > Tableware > Serveware > Cake Stands,https://cdn.shopify.com/s/files/1/0864/7006/6210/files/WhatsAppImage2025-04-13at4.22.04AM_1.jpg?v=17...
3 Tier Ceramic Cake Stand,3-tier-ceramic-cake-stand-3,40.50,,Home & Garden > Kitchen & Dining > Tableware > Serveware > Cake Stands,https://cdn.shopify.com/s/files/1/0864/7006/6210/files/WhatsAppImage2025-04-16at11.09.47PM.jpg?v=177...
vase,vase-13,55.00,,Home & Garden > Decor > Vases,https://cdn.shopify.com/s/files/1/0864/7006/6210/files/WhatsAppImage2025-03-04at10.05.04PM_200x200-r...
Grinder,grinder,28.00,,Home & Garden > Kitchen & Dining > Kitchen Tools & Utensils > Spice Grinders,https://cdn.shopify.com/s/files/1/0864/7006/6210/files/q7-removebg-preview.png?v=1771904305
Fish,fish,20.00,,Arts & Entertainment > Hobbies & Creative Arts > Collectibles > Rocks & Fossils,https://cdn.shopify.com/s/files/1/0864/7006/6210/files/q6-removebg-preview.png?v=1771904304
Ashtray,ashtray-2,24.00,,Home & Garden > Smoking Accessories > Ashtrays,https://cdn.shopify.com/s/files/1/0864/7006/6210/files/q5-removebg-preview.png?v=1771904303
Apple Watch,apple-watch-1,30.00,,Apparel & Accessories > Jewelry > Smart Watches,https://cdn.shopify.com/s/files/1/0864/7006/6210/files/q4-removebg-preview.png?v=1771904301
Cup Coaster,cup-coaster,18.00,,Home & Garden > Kitchen & Dining > Barware > Coasters,https://cdn.shopify.com/s/files/1/0864/7006/6210/files/q3-removebg-preview.png?v=1771904301
Key Ring,key-ring,24.00,,Apparel & Accessories > Handbag & Wallet Accessories > Keychains,https://cdn.shopify.com/s/files/1/0864/7006/6210/files/q2-removebg-preview.png?v=1771904300
Serving Tray,serving-tray,18.00,,Home & Garden > Kitchen & Dining > Tableware > Serveware > Serving Trays,https://cdn.shopify.com/s/files/1/0864/7006/6210/files/q1-removebg-preview.png?v=1771904298
Wine Glass,wine-set,28.00,,Home & Garden > Kitchen & Dining > Tableware > Drinkware > Stemware > Wine Glasses,https://cdn.shopify.com/s/files/1/0864/7006/6210/files/81-removebg-preview.png?v=1771904298
Cherry Glass Set,cherry-glass-set,23.87,,Home & Garden > Kitchen & Dining > Tableware > Drinkware > Shot Glasses,https://cdn.shopify.com/s/files/1/0864/7006/6210/files/80-removebg-preview.png?v=1771904297
Seep Plate,seep-plate,30.00,,Home & Garden > Decor > Decorative Trays,https://cdn.shopify.com/s/files/1/0864/7006/6210/files/79-removebg-preview.png?v=1771904296
Bowl,bowl-5,45.00,,Home & Garden > Kitchen & Dining > Tableware > Dinnerware > Bowls,https://cdn.shopify.com/s/files/1/0864/7006/6210/files/78-removebg-preview.png?v=1771904294
Seep Coaster Plate,seep-coaster-plate,30.00,,Home & Garden > Kitchen & Dining > Barware > Coasters,https://cdn.shopify.com/s/files/1/0864/7006/6210/files/77-removebg-preview.png?v=1771904293
Candy Jar,candy-jar-2,50.00,,Home & Garden > Kitchen & Dining > Kitchen Tools & Utensils > Kitchen Organizers,https://cdn.shopify.com/s/files/1/0864/7006/6210/files/76-removebg-preview.png?v=1771904292
Animal - bull,animal,61.27,,Home & Garden > Decor > Artwork > Sculptures & Statues,https://cdn.shopify.com/s/files/1/0864/7006/6210/files/75-removebg-preview.png?v=1771904291
Vase,vase-12,44.00,,Home & Garden > Decor > Vases,https://cdn.shopify.com/s/files/1/0864/7006/6210/files/74-removebg-preview.png?v=1771904290
Glass,glass,20.00,,Home & Garden > Decor > Home Fragrance Accessories > Candle Holders,https://cdn.shopify.com/s/files/1/0864/7006/6210/files/73-removebg-preview.png?v=1771904289
Allah Watch,allah-watch,35.00,,Home & Garden > Decor > Clocks > Desk & Shelf Clocks > Desk Clocks,https://cdn.shopify.com/s/files/1/0864/7006/6210/files/aOWOwmFz2yoJqWewHa4haNqCHz856T576Rm0neu3-remo...
Wine Glass Set,wine-glass-set,28.00,,Home & Garden > Kitchen & Dining > Tableware > Drinkware > Drinkware Sets,https://cdn.shopify.com/s/files/1/0864/7006/6210/files/72-removebg-preview.png?v=1771904287
Hexagon Style Watch and Pen Holder,hexagon-style-watch-and-pen-holder,29.00,,Office Supplies > Filing & Organization > Desk Organizers > Pen Holders,https://cdn.shopify.com/s/files/1/0864/7006/6210/files/IeW6jrFdFPqalWIqki4RopVoQiikTsTITadC818T-remo...
Fruit,fruit,20.00,,"Food, Beverages & Tobacco > Food Items > Fruits & Vegetables > Fresh & Frozen Fruits > Pears",https://cdn.shopify.com/s/files/1/0864/7006/6210/files/71-removebg-preview.png?v=1771904285
Candle,candle,18.00,,Home & Garden > Decor > Home Fragrance Accessories > Candle Holders,https://cdn.shopify.com/s/files/1/0864/7006/6210/files/nuSD53sBeeaCNlFA2o4Db5aF4fIdL17bUK8K5bB6-remo...
Onyx Bowl,onyx-bowl,30.00,,Home & Garden > Decor > Decorative Bowls,https://cdn.shopify.com/s/files/1/0864/7006/6210/files/70-removebg-preview.png?v=1771904283
Cup Style Watch,cup-style-watch,36.00,,Apparel & Accessories > Jewelry > Watches,https://cdn.shopify.com/s/files/1/0864/7006/6210/files/vljMXVNSfH8dISDTX0bdnATvaoYERh8OUz1zoiEq-remo...
Gawa Set,gawa-set-2,85.00,,Home & Garden > Kitchen & Dining > Tableware > Coffee Servers & Teapots > Teapots,https://cdn.shopify.com/s/files/1/0864/7006/6210/files/69-removebg-preview.png?v=1771904281
Grapes,grapes,35.00,,"Food, Beverages & Tobacco > Food Items > Fruits & Vegetables > Fresh & Frozen Fruits > Grapes",https://cdn.shopify.com/s/files/1/0864/7006/6210/files/h6GEvFdUkvZOsXqWaCzE6SoY4lBDOdomPyYaJvSe-remo...
Bangles,bangles,35.00,,Apparel & Accessories > Jewelry > Bracelets,https://cdn.shopify.com/s/files/1/0864/7006/6210/files/RgvW1BPt7w3k2RZwzFcT3FEvSos9DjEzM7SskkM1-remo...
Office Set,office-set-1,45.00,,Office Supplies > General Office Supplies,https://cdn.shopify.com/s/files/1/0864/7006/6210/files/68-removebg-preview.png?v=1771904278
Double Pen Holder Wth Watch,double-pen-holder-wth-watch,30.00,,Office Supplies > Filing & Organization > Desk Organizers > Pen Holders,https://cdn.shopify.com/s/files/1/0864/7006/6210/files/FXPpcfFFh93g8ei2U14St4FrUo2bv8Qs6R105Rbu-remo...
Chess Set,chess-set,65.00,,Toys & Games > Games > Board Games,https://cdn.shopify.com/s/files/1/0864/7006/6210/files/67-removebg-preview.png?v=1771904276
Fruits Set,fruits-set,48.00,,"Food, Beverages & Tobacco > Food Items > Fruits & Vegetables > Fresh & Frozen Fruits > Figs",https://cdn.shopify.com/s/files/1/0864/7006/6210/files/cLj4TC2MUVmyMPjvSQcqhIvCofSDXRLqjVlGWk84-remo...
Onyx Candle Stand,onyx-candle-stand,30.00,,Home & Garden > Decor > Home Fragrance Accessories > Candle Holders,https://cdn.shopify.com/s/files/1/0864/7006/6210/files/66-removebg-preview.png?v=1771904274
Dice Watch,dice-watch,28.00,,Apparel & Accessories > Jewelry > Watches,https://cdn.shopify.com/s/files/1/0864/7006/6210/files/1xvF9PHEvKpjW0mCDCny8HnYJxOxpibeNixgHjVQ-remo...
Gawa Set,gawa-set-1,85.00,,Apparel & Accessories > Jewelry,https://cdn.shopify.com/s/files/1/0864/7006/6210/files/65-removebg-preview.png?v=1771904272
Onyx Ashtray,onyx-ashtray,18.00,,Home & Garden > Smoking Accessories > Ashtrays,https://cdn.shopify.com/s/files/1/0864/7006/6210/files/64-removebg-preview.png?v=1771904271
Pen Holder Clock,pen-holder-clock,26.00,,Office Supplies > Filing & Organization > Desk Organizers > Pen Holders,https://cdn.shopify.com/s/files/1/0864/7006/6210/files/63-removebg-preview.png?v=1771904270
Onyx Clock,onyx-clock,30.00,,Home & Garden > Decor > Clocks,https://cdn.shopify.com/s/files/1/0864/7006/6210/files/62-removebg-preview.png?v=1771904269
Onyx Coaster Set,onyx-coaster-set,30.00,,Home & Garden > Kitchen & Dining > Barware > Coasters,https://cdn.shopify.com/s/files/1/0864/7006/6210/files/61-removebg-preview.png?v=1771904268
Onyx Mortar and Pestle,onyx-mortar-and-pestle,30.00,,Home & Garden > Kitchen & Dining > Kitchen Tools & Utensils > Mortars & Pestles,https://cdn.shopify.com/s/files/1/0864/7006/6210/files/60-removebg-preview.png?v=1771904267
Pear Paper Weight,pear-paper-weight,28.00,,Office Supplies > General Office Supplies > Paper Clips & Clamps > Paper Clips,https://cdn.shopify.com/s/files/1/0864/7006/6210/files/59-removebg-preview.png?v=1771904265
Vine Glass Set (6 piecs),vine-glass-set-6-piecs,60.00,,Home & Garden > Kitchen & Dining > Tableware > Drinkware > Stemware > Wine Glasses,https://cdn.shopify.com/s/files/1/0864/7006/6210/files/58-removebg-preview.png?v=1771904264
Apple Lamp,apple-lamp,40.00,,Home & Garden > Lighting > Lamps,https://cdn.shopify.com/s/files/1/0864/7006/6210/files/57-removebg-preview.png?v=1771904262
Vase Pair,vase-pair,60.00,,Home & Garden > Decor > Vases,https://cdn.shopify.com/s/files/1/0864/7006/6210/files/56-removebg-preview.png?v=1771904260
Flower Vase,flower-vase-2,38.00,,Home & Garden > Decor > Vases,https://cdn.shopify.com/s/files/1/0864/7006/6210/files/55-removebg-preview.png?v=1771904258
Ship,ship-1,40.00,,Home & Garden > Decor > Clocks > Desk & Shelf Clocks > Desk Clocks,https://cdn.shopify.com/s/files/1/0864/7006/6210/files/54-removebg-preview.png?v=1771904257
Vine Glass Pair,vine-glass-pair,28.00,,Home & Garden > Kitchen & Dining > Tableware > Drinkware > Stemware > Wine Glasses,https://cdn.shopify.com/s/files/1/0864/7006/6210/files/53-removebg-preview.png?v=1771904256
Plate,plate-3,23.00,,Home & Garden > Decor > Decorative Plates,https://cdn.shopify.com/s/files/1/0864/7006/6210/files/52-removebg-preview.png?v=1771904254
Vase,vase-11,44.00,,Home & Garden > Decor > Vases,https://cdn.shopify.com/s/files/1/0864/7006/6210/files/51-removebg-preview.png?v=1771904253
Fruit Set,fruit-set,50.00,,Home & Garden > Decor > Figurines,https://cdn.shopify.com/s/files/1/0864/7006/6210/files/50-removebg-preview.png?v=1771904251
Bowl,bowl-4,45.00,,Home & Garden > Kitchen & Dining > Tableware > Dinnerware > Bowls,https://cdn.shopify.com/s/files/1/0864/7006/6210/files/49-removebg-preview.png?v=1771904250
Horse,horse-2,25.00,,Home & Garden > Decor > Figurines,https://cdn.shopify.com/s/files/1/0864/7006/6210/files/48-removebg-preview.png?v=1771904249
Pillar Watch,pillar-watch,26.00,,Apparel & Accessories > Jewelry > Watches,https://cdn.shopify.com/s/files/1/0864/7006/6210/files/47-removebg-preview.png?v=1771904248
Blue Pottery Decorative Watch,blue-pottery-decorative-watch,58.00,,Apparel & Accessories > Jewelry > Smart Watches,https://cdn.shopify.com/s/files/1/0864/7006/6210/files/46-removebg-preview.png?v=1771904247
Candy Jar,candy-jar-1,65.00,,Home & Garden > Kitchen & Dining > Kitchen Tools & Utensils > Kitchen Organizers,https://cdn.shopify.com/s/files/1/0864/7006/6210/files/45-removebg-preview.png?v=1771904246
Bottle Clock,bottle-clock,28.00,,Home & Garden > Decor > Clocks,https://cdn.shopify.com/s/files/1/0864/7006/6210/files/44-removebg-preview.png?v=1771904245
Elephant,elephant-1,30.00,,Home & Garden > Decor > Artwork > Sculptures & Statues,https://cdn.shopify.com/s/files/1/0864/7006/6210/files/43-removebg-preview.png?v=1771904245
Guitar Watch,guitar-watch,28.00,,Apparel & Accessories > Jewelry > Watches,https://cdn.shopify.com/s/files/1/0864/7006/6210/files/42-removebg-preview.png?v=1771904243
Heart Watch,heart-watch,35.00,,Apparel & Accessories > Jewelry > Watches,https://cdn.shopify.com/s/files/1/0864/7006/6210/files/41-removebg-preview.png?v=1771904242
Lion,lion-1,26.00,,Home & Garden > Decor > Artwork > Sculptures & Statues,https://cdn.shopify.com/s/files/1/0864/7006/6210/files/40-removebg-preview.png?v=1771904241
Love Watch,love-watch,40.00,,Apparel & Accessories > Jewelry > Watches,https://cdn.shopify.com/s/files/1/0864/7006/6210/files/39-removebg-preview.png?v=1771904240
Peacock,peacock,28.00,,Home & Garden > Decor,https://cdn.shopify.com/s/files/1/0864/7006/6210/files/38-removebg-preview.png?v=1771904239
Matki Watch,matki-watch,26.00,,Home & Garden > Decor > Clocks > Desk & Shelf Clocks > Desk Clocks,https://cdn.shopify.com/s/files/1/0864/7006/6210/files/37-removebg-preview.png?v=1771904238
Matki Clock,matki-clock,40.00,,Home & Garden > Decor > Clocks,https://cdn.shopify.com/s/files/1/0864/7006/6210/files/36-removebg-preview.png?v=1771904237
Turtle,turtle,28.00,,Home & Garden > Decor > Figurines,https://cdn.shopify.com/s/files/1/0864/7006/6210/files/35-removebg-preview.png?v=1771904236
Umbrella Watch,umbrella-watch-1,22.00,,Home & Garden > Decor > Clocks > Desk & Shelf Clocks > Desk Clocks,https://cdn.shopify.com/s/files/1/0864/7006/6210/files/34-removebg-preview.png?v=1771904235
Ship Wheel Watch,ship-wheel-watch,26.00,,Apparel & Accessories > Jewelry > Watches,https://cdn.shopify.com/s/files/1/0864/7006/6210/files/33-removebg-preview.png?v=1771904234
Telephone,telephone-1,40.00,,Home & Garden > Decor > Clocks > Wall Clocks,https://cdn.shopify.com/s/files/1/0864/7006/6210/files/32-removebg-preview.png?v=1771904233
Book Watch,book-watch,28.00,,Apparel & Accessories > Jewelry > Watches,https://cdn.shopify.com/s/files/1/0864/7006/6210/files/31-removebg-preview.png?v=1771904232
Candle Stand,candle-stand,26.00,,Home & Garden > Decor > Home Fragrance Accessories > Candle Holders,https://cdn.shopify.com/s/files/1/0864/7006/6210/files/30-removebg-preview.png?v=1771904231
Pen Jar,pen-jar,26.00,,Office Supplies > Filing & Organization > Desk Organizers > Pen Holders,https://cdn.shopify.com/s/files/1/0864/7006/6210/files/29-removebg-preview.png?v=1771904229
Tasbeeh,tasbeeh,4.82,,Religious & Ceremonial > Religious Items > Prayer Beads,https://cdn.shopify.com/s/files/1/0864/7006/6210/files/28-removebg-preview.png?v=1771904228
Paper Weight,paper-weight,28.00,,Office Supplies > Paper Handling > Paperweights,https://cdn.shopify.com/s/files/1/0864/7006/6210/files/26-removebg-preview.png?v=1771904227
Wine Glass,wine-glass,18.00,,Home & Garden > Kitchen & Dining > Tableware > Drinkware > Stemware > Wine Glasses,https://cdn.shopify.com/s/files/1/0864/7006/6210/files/25-removebg-preview.png?v=1771904226
Wine Glass Pair,wine-glass-pair,28.00,,Home & Garden > Kitchen & Dining > Tableware > Drinkware > Stemware > Wine Glasses,https://cdn.shopify.com/s/files/1/0864/7006/6210/files/24-removebg-preview.png?v=1771904225
Pen,pen-1,26.00,,Office Supplies > Office Instruments > Writing & Drawing Instruments > Pens & Pencils > Pens,https://cdn.shopify.com/s/files/1/0864/7006/6210/files/23-removebg-preview.png?v=1771904223
Ring,ring,14.00,,Apparel & Accessories > Jewelry > Rings,https://cdn.shopify.com/s/files/1/0864/7006/6210/files/22-removebg-preview.png?v=1771904223
Bowl,bowl-3,45.00,,Home & Garden > Kitchen & Dining > Tableware > Dinnerware > Bowls,https://cdn.shopify.com/s/files/1/0864/7006/6210/files/21-removebg-preview.png?v=1771904221
Pencil Jar,pencil-jar,26.00,,Office Supplies > Filing & Organization > Desk Organizers > Pen Holders,https://cdn.shopify.com/s/files/1/0864/7006/6210/files/20-removebg-preview.png?v=1771904220
Gawa Set,gawa-set,85.00,,Home & Garden > Kitchen & Dining > Tableware > Coffee & Tea Sets > Tea Sets,https://cdn.shopify.com/s/files/1/0864/7006/6210/files/19-removebg-preview.png?v=1771904219
Marbal Plate,marbal-plate,40.00,,Home & Garden > Decor > Decorative Plates,https://cdn.shopify.com/s/files/1/0864/7006/6210/files/18-removebg-preview.png?v=1771904218
Bowl,bowl-2,45.00,,Home & Garden > Decor > Decorative Bowls,https://cdn.shopify.com/s/files/1/0864/7006/6210/files/17-removebg-preview.png?v=1771904217
Pear Watch,pear-watch,26.00,,Apparel & Accessories > Jewelry > Watches,https://cdn.shopify.com/s/files/1/0864/7006/6210/files/16-removebg-preview.png?v=1771904216
Telephone,telephone,40.00,,Home & Garden > Decor,https://cdn.shopify.com/s/files/1/0864/7006/6210/files/15-removebg-preview.png?v=1771904215
Elephant,elephant,28.00,,Home & Garden > Decor > Artwork,https://cdn.shopify.com/s/files/1/0864/7006/6210/files/14-removebg-preview.png?v=1771904214
Lion,lion,26.00,,Home & Garden > Decor,https://cdn.shopify.com/s/files/1/0864/7006/6210/files/13-removebg-preview.png?v=1771904213
Cat,cat,20.43,,Home & Garden > Decor,https://cdn.shopify.com/s/files/1/0864/7006/6210/files/12-removebg-preview.png?v=1771904212
Bull,bull,38.00,,Home & Garden > Decor,https://cdn.shopify.com/s/files/1/0864/7006/6210/files/11-removebg-preview.png?v=1771904211
Horse,horse-1,23.00,,Home & Garden > Decor,https://cdn.shopify.com/s/files/1/0864/7006/6210/files/10-removebg-preview.png?v=1771904209
Coaster,coaster,14.00,,Home & Garden > Kitchen & Dining > Barware > Coasters,https://cdn.shopify.com/s/files/1/0864/7006/6210/files/9-removebg-preview.png?v=1771904209
Chess,chess,37.45,,Toys & Games > Games > Board Games,https://cdn.shopify.com/s/files/1/0864/7006/6210/files/8-removebg-preview.png?v=1771904207
Cherry Glass,cherry-glass,45.00,,Home & Garden > Decor > Home Fragrance Accessories > Candle Holders,https://cdn.shopify.com/s/files/1/0864/7006/6210/files/7-removebg-preview.png?v=1771904206
Seep Box,seep-box,30.00,,Home & Garden > Decor,https://cdn.shopify.com/s/files/1/0864/7006/6210/files/6-removebg-preview.png?v=1771904205
Ship,ship,40.00,,Vehicles & Parts > Vehicles,https://cdn.shopify.com/s/files/1/0864/7006/6210/files/5-removebg-preview.png?v=1771904204
Plate,plate-2,22.00,,Home & Garden > Decor > Decorative Plates,https://cdn.shopify.com/s/files/1/0864/7006/6210/files/4-removebg-preview.png?v=1771904203
Office Set,office-set,45.00,,Office Supplies > General Office Supplies,https://cdn.shopify.com/s/files/1/0864/7006/6210/files/3-removebg-preview.png?v=1771904202
Vase,vase-10,44.00,,Home & Garden > Decor > Vases,https://cdn.shopify.com/s/files/1/0864/7006/6210/files/2-removebg-preview.png?v=1771904201
Lamp,lamp-1,55.00,,Home & Garden > Lighting > Lamps,https://cdn.shopify.com/s/files/1/0864/7006/6210/files/1-removebg-preview.png?v=1771904200
Dagger,dagger,28.00,,Toys & Games > Toys > Pretend Play > Pretend Electronics,https://cdn.shopify.com/s/files/1/0864/7006/6210/files/m0AOlT5INYbtnIyFQWvZ4WD7ad86h4sr686whFW3-remo...
Masjid Watch,masjid-watch,40.00,,Apparel & Accessories > Jewelry > Watches,https://cdn.shopify.com/s/files/1/0864/7006/6210/files/nHZcLg0EJVOhxJGkPGJcpyKDgIet4sIUwfc3ceSW-remo...
Jug Glass Set,jug-glass-set,68.00,,Home & Garden > Kitchen & Dining > Tableware > Serveware > Serving Pitchers & Carafes,https://cdn.shopify.com/s/files/1/0864/7006/6210/files/4hLlszgYU718o08HtULFrzuHerfDD9L9ubaFSELj-remo...
Clock,clock,42.00,,Home & Garden > Decor > Clocks > Desk & Shelf Clocks > Desk Clocks,https://cdn.shopify.com/s/files/1/0864/7006/6210/files/SnoEHyCUzGOF0HrKwgCO9wy7i7sKkAxQAfFP7XUs-remo...
Pyramid Watch,pyramid-watch,28.00,,Apparel & Accessories > Jewelry > Watches,https://cdn.shopify.com/s/files/1/0864/7006/6210/files/MKoKJ9YEOhHQvrkx8lCuJWz7s3fZNR0vkUDcTD8A-remo...
Duck,duck,30.00,,Animals & Pet Supplies > Live Animals,https://cdn.shopify.com/s/files/1/0864/7006/6210/files/7mS4kR0XVZVFdL5j8lgw6xhC026mQIRdI4aNIPts-remo...
Rabbit,rabbit,25.00,,Home & Garden > Decor > Artwork > Sculptures & Statues,https://cdn.shopify.com/s/files/1/0864/7006/6210/files/5AxYVld7kpfEmoZPGJhRiweU4DvtgEO2GST2jlNw-remo...
Pencil Stand Watch,pencil-stand-watch,26.00,,Office Supplies > Filing & Organization > Desk Organizers > Pen Holders,https://cdn.shopify.com/s/files/1/0864/7006/6210/files/MrQIv0JWAM6GmhjEDVWrjEDAsWL81EARkV1MiF7h-remo...
Umbrella Watch,umbrella-watch,28.00,,Apparel & Accessories > Jewelry > Watches,https://cdn.shopify.com/s/files/1/0864/7006/6210/files/jCykFhdAsXbYrXcX7i8V8sMy7Nnv6C9WAdYrPkio-remo...
Bowl,bowl-1,45.00,,Home & Garden > Kitchen & Dining > Tableware > Dinnerware > Bowls,https://cdn.shopify.com/s/files/1/0864/7006/6210/files/Mna8rMkeMCAJ7WgFuZb6rW3UntkqxpoDFF5O1U7m-remo...
plate,plate-1,28.00,,Home & Garden > Decor > Decorative Plates,https://cdn.shopify.com/s/files/1/0864/7006/6210/files/gf5tiGMKfixufUAlPYO99XK9jao7wG8f7rRrVoLr-remo...
Bowl,bowl,45.00,,Home & Garden > Decor > Decorative Bowls,https://cdn.shopify.com/s/files/1/0864/7006/6210/files/NpQVUwnq1WEHG0Sbk2lfpVsqXfNaCYV7CpbvUbhC-remo...
Pen Stand watch natural green marble,pen-stand-watch-natural-green-marble,26.00,,Office Supplies > Filing & Organization > Desk Organizers > Pen Holders,https://cdn.shopify.com/s/files/1/0864/7006/6210/files/vudN2pKPiqE0KQ64h0vjQCADqH5JpQX4u2LVInWE.png?...
Roof Hanging Lamp,roof-hanging-lamp,48.00,,Home & Garden > Lighting > Lighting Fixtures,https://cdn.shopify.com/s/files/1/0864/7006/6210/files/FY1oK7bdKZa905y39yFLzCpCAIY1F7EoHL4yBiYm-remo...
Shade Lamp,shade-lamp-2,65.00,,Home & Garden > Lighting > Lamps > Floor Lamps,https://cdn.shopify.com/s/files/1/0864/7006/6210/files/AmL0A5pDS2O92FLs5r8gmyedTOIUq5QAVYIP3SOS-remo...
Vase Lamp,vase-lamp,65.00,,Home & Garden > Lighting,https://cdn.shopify.com/s/files/1/0864/7006/6210/files/O5AstgtyqJuxl5xmBW39S1d96nAyMrddYEa74XIY-remo...
Surahi Lamp,surahi-lamp-1,60.00,,Home & Garden > Lighting > Lamps > Floor Lamps,https://cdn.shopify.com/s/files/1/0864/7006/6210/files/LVDx8263Cqn7vL6IKiBqm3jXHkGaMegWRkADrPv8-remo...
Side Table Lamp Globe,side-table-lamp-globe,55.00,,Home & Garden > Lighting > Lamps > Table Lamps,https://cdn.shopify.com/s/files/1/0864/7006/6210/files/yTWzkvIYlubgMIJ7HnyCdayimoORCqLwjZdGMBML-remo...
Lamp Vase,lamp-vase,62.00,,Home & Garden > Lighting Accessories,https://cdn.shopify.com/s/files/1/0864/7006/6210/files/4wQ4CkHaRtaif3Ob8D6BhYzaMj8JMFx2J2DZMsPR-remo...
Colorful Vase Lamp,colorful-vase-lamp,60.00,,Home & Garden > Lighting > Lamps,https://cdn.shopify.com/s/files/1/0864/7006/6210/files/dvnFSeksgRCK4wfqh2BHBejd5fItYVpXuLkpuK6c-remo...
Pitcher Lamp,pitcher-lamp-2,55.00,,Home & Garden > Lighting > Lamps,https://cdn.shopify.com/s/files/1/0864/7006/6210/files/d4ergx7CWR9FG43nOZ3cSI1xqGrl5R243QHV81KH-remo...
Bottle Lamp,bottle-lamp,58.00,,Home & Garden > Lighting,https://cdn.shopify.com/s/files/1/0864/7006/6210/files/XeABl8h3fVqMkll1zqaNxNrEuVMShU7bdwfsuu18-remo...
Moon Lamp,moon-lamp,60.00,,Home & Garden > Lighting > Night Lights & Ambient Lighting,https://cdn.shopify.com/s/files/1/0864/7006/6210/files/RyBrQA5ZvXd4r8MI28sEH7wdBXzivEp7Brd4P5LE-remo...
Murtiyan,murtiyan,62.00,,Home & Garden > Decor > Decorative Plaques,https://cdn.shopify.com/s/files/1/0864/7006/6210/files/vj2RGEt71gxvafSbZOks3es4pHzVpGFG0qq2qKiv-remo...
Shade Lamp,shade-lamp-1,65.00,,Home & Garden > Lighting > Lamps > Table Lamps,https://cdn.shopify.com/s/files/1/0864/7006/6210/files/M0TYPm6fHtraul11YHNsgDKS8adjSRMdjqWB2NTq-remo...
Globe Lamp,globe-lamp,16.60,,Home & Garden > Lighting > Lamps > Table Lamps,https://cdn.shopify.com/s/files/1/0864/7006/6210/files/2O9UfRJPNEs4UpLE0LaX5JUq6PVAiNvJwq2tzFzK-remo...
Camel,camel,28.00,,Home & Garden > Decor > Figurines,https://cdn.shopify.com/s/files/1/0864/7006/6210/files/Rh5gUquWC65N6FUR5TRBpuwbzBCub9jSQCRAEQzB-remo...
Hanging Shade,hanging-shade,58.00,,Home & Garden > Lighting Accessories > Lamp Shades,https://cdn.shopify.com/s/files/1/0864/7006/6210/files/z7j01OSjLAKnz3NaxAF1AjPxD6OL0YjJiaVYzxCR-remo...
Wall Plate,wall-plate,55.00,,Hardware > Power & Electrical Supplies > Wall Plates & Covers,https://cdn.shopify.com/s/files/1/0864/7006/6210/files/RaYhDpcgvUab0AVXTcM3RQBUQstf0sPxbzMqWyWj-remo...
Shade Lamp,shade-lamp,65.00,,Home & Garden > Lighting > Lamps > Desk Lamps,https://cdn.shopify.com/s/files/1/0864/7006/6210/files/YFiBENJVaISWNlzj45LYHlEHK5MS3PN5CG52lBu0-remo...
Glass Lamp,glass-lamp-2,75.00,,Home & Garden > Lighting > Lamps,https://cdn.shopify.com/s/files/1/0864/7006/6210/files/xjfWJa15Vvnebr7ijKR33iW4Thb7CjRNXsV5GD0I-remo...
Pitcher Lamp,pitcher-lamp-1,50.00,,Home & Garden > Lighting > Lamps,https://cdn.shopify.com/s/files/1/0864/7006/6210/files/n14nk3d3ljYjaCuAz1iN77RCxHUMUySjCJyKfnpT-remo...
Pitcher Lamp,pitcher-lamp,50.00,,Home & Garden > Lighting > Lamps > Table Lamps,https://cdn.shopify.com/s/files/1/0864/7006/6210/files/gB6R6KrgnLcT34elPi9yCUxlfEnG4J43Ad8gDzpj-remo...
Pyramid Lamp,pyramid-lamp,38.00,,Home & Garden > Lighting > Lamps,https://cdn.shopify.com/s/files/1/0864/7006/6210/files/vYGWcsLKvxgC2ENtdDmvtfV6kOZ7v131GqKt7Rbz-remo...
Glass Lamp,glass-lamp-1,80.00,,Home & Garden > Lighting > Lamps,https://cdn.shopify.com/s/files/1/0864/7006/6210/files/0faPZdh2nWATgqRRC8BD6Q7vqrvlq0W7YJWg5MnC-remo...
Wall Hanging Plate,wall-hanging-plate,50.00,,Home & Garden > Decor > Decorative Plates,https://cdn.shopify.com/s/files/1/0864/7006/6210/files/AE15Q1MNum9fiCAF6D9KxjB9lQcmjnneQtPjcXyh-remo...
Glass Lamp,glass-lamp,46.00,,Home & Garden > Lighting > Lamps,https://cdn.shopify.com/s/files/1/0864/7006/6210/files/00ihvqqPsDz3uE2FfrfKevbilHpIxJLd24dyQli3-remo...
Camel Skin Gadwa,camel-skin-gadwa,40.00,,Home & Garden > Lighting,https://cdn.shopify.com/s/files/1/0864/7006/6210/files/xT0cCXyrVpHA5E3MATjaB1FOR8Q1VuvQJAgFfAUF-remo...
Camel Skin Bottle with Stand,camel-skin-bottle-with-stand,55.00,,Home & Garden > Kitchen & Dining > Barware > Decanters,https://cdn.shopify.com/s/files/1/0864/7006/6210/files/gF5eGf2qWE8p1UA32h9s16FkbFUD4wPCBveNV2Ef-remo...
Lamp with Box,lamp-with-box,50.00,,Home & Garden > Lighting > Lamps > Desk Lamps,https://cdn.shopify.com/s/files/1/0864/7006/6210/files/OuNdJF4OmURnaCRTJlvC1oxyXzFkMucAdeUq2CR8-remo...
Lamp with Stand,lamp-with-stand,55.00,,Home & Garden > Lighting > Lamps > Floor Lamps,https://cdn.shopify.com/s/files/1/0864/7006/6210/files/LeAR3tMWjXK35z0z7b4PrvFBjJJpRIoHhxooKv7g-remo...
Surahi Lamp,surahi-lamp,58.00,,Home & Garden > Lighting > Lamps,https://cdn.shopify.com/s/files/1/0864/7006/6210/files/qNuZfCHRqTxdLu5wvKQj6Y36AKaXlZZQ2UpFy92L-remo...
Lamp,lamp,65.00,,Home & Garden > Lighting > Lamps,https://cdn.shopify.com/s/files/1/0864/7006/6210/files/oZuH3lYUplEFLVfZFk5IHfE9OBvzKO7p4C89POop-remo...
Camel Skin Dhol,camel-skin-dhol,34.00,,Arts & Entertainment > Hobbies & Creative Arts > Musical Instruments > Percussion > Hand Percussion > Hand Drums > Frame Drums,https://cdn.shopify.com/s/files/1/0864/7006/6210/files/mQTv1yPzrJJ14w4IAcU3MuS5PJmNp3KmFoYvYx5W-remo...
Pen,pen,26.00,,Office Supplies > Office Instruments > Writing & Drawing Instruments > Pens & Pencils > Pens,https://cdn.shopify.com/s/files/1/0864/7006/6210/files/AXbHyGIPSDAI2QWTwhcqjvKYWaG4MPF9VXFamMk8-remo...
Side Table Lamp Round Shape,side-table-lamp-round-shape,55.00,,Home & Garden > Lighting > Lamps > Table Lamps,https://cdn.shopify.com/s/files/1/0864/7006/6210/files/3YwcWrIH3FXY1DYpWxnLoQi7Bz4wW6Baliqug00C-remo...
Set of two Iconic Blue Handis/Traditional Pots |Blue Pottery,set-of-two-iconic-blue-handis-traditional-pots-blue-pottery,68.00,,Home & Garden > Kitchen & Dining > Cookware & Bakeware > Cookware,https://cdn.shopify.com/s/files/1/0864/7006/6210/files/Photoroom-20240726-180721.png?v=1771904141
Classic Green Large Handi/Traditional Pot|Blue Pottery,classic-green-large-handi-traditional-pot-blue-pottery,50.00,,Home & Garden > Lawn & Garden > Gardening > Pots & Planters > Pots,https://cdn.shopify.com/s/files/1/0864/7006/6210/files/20231006-070434.jpg?v=1771904139
Classic Blue Karahi/Traditional Wok|Blue Pottery,classic-blue-karahi-traditional-wok-blue-pottery,50.00,,Home & Garden > Kitchen & Dining > Cookware & Bakeware > Cookware > Woks,https://cdn.shopify.com/s/files/1/0864/7006/6210/files/rn-image_picker_lib_temp_3084a2d4-e6ba-4839-a...
Set of 2 Classic Blue Square Karahi |Blue Pottery,set-of-2-classic-blue-square-karahi-blue-pottery,70.00,,Home & Garden > Kitchen & Dining > Cookware & Bakeware > Cookware,https://cdn.shopify.com/s/files/1/0864/7006/6210/files/Photoroom-20240726-183926.png?v=1771904138
Terracotta Handpainted Glazed Karahi with Lid,terracotta-handpainted-glazed-karahi-with-lid,29.44,,Home & Garden > Kitchen & Dining > Cookware & Bakeware > Cookware > Tagines & Clay Cooking Pots > Clay Cooking Pots,https://cdn.shopify.com/s/files/1/0864/7006/6210/files/Screenshot-20241212_063134_Instagram.jpg?v=17...
Blue Pottery Curry Bowl,blue-pottery-curry-bowl,22.00,,Home & Garden > Kitchen & Dining > Tableware > Dinnerware > Bowls,https://cdn.shopify.com/s/files/1/0864/7006/6210/files/7-1536x1536.jpg?v=1771904135
Blue Pottery Mug With Lid,blue-pottery-mug-with-lid,24.00,,Home & Garden > Kitchen & Dining > Tableware > Drinkware > Mugs,https://cdn.shopify.com/s/files/1/0864/7006/6210/files/artcitihome-mug-lid-d1b.jpg?v=1771904134
Blue Pottery Brush Holder,blue-pottery-brush-holder,35.00,,Home & Garden > Kitchen & Dining > Kitchen Tools & Utensils > Kitchen Organizers > Kitchen Utensil Holders & Racks,https://cdn.shopify.com/s/files/1/0864/7006/6210/files/artcitihome-toothbrush-d1.jpg?v=1771904148
Blue Pottery Jug with Glasses,blue-pottery-jug-with-glasses,80.00,,Home & Garden > Kitchen & Dining > Tableware > Dinnerware > Dinnerware Sets,https://cdn.shopify.com/s/files/1/0864/7006/6210/files/jug-set.jpg?v=1771904132
Blue Pottery Rice Dish,blue-pottery-rice-dish,44.00,,Home & Garden > Kitchen & Dining > Tableware > Serveware > Serving Platters,https://cdn.shopify.com/s/files/1/0864/7006/6210/files/rice-dish-small-2.jpg?v=1771904132
Blue Pottery Italian Dry Fruit Dish,blue-pottery-italian-dry-fruit-dish,40.00,,Home & Garden > Kitchen & Dining > Tableware > Serveware,https://cdn.shopify.com/s/files/1/0864/7006/6210/files/italian-dry-fruit-dish2.jpg?v=1771904130
Blue Pottery Glass With Lid,blue-pottery-glass-with-lid,7.93,,Home & Garden > Decor > Decorative Jars,https://cdn.shopify.com/s/files/1/0864/7006/6210/files/glass-with-lid.jpg?v=1771904129
Blue Pottery Italian Salad Dish Color,blue-pottery-italian-salad-dish-color,44.00,,Home & Garden > Kitchen & Dining > Tableware > Serveware,https://cdn.shopify.com/s/files/1/0864/7006/6210/files/italian-dish-set-1-1.jpg?v=1771904129
Blue Pottery Square Dish,blue-pottery-square-dish,38.00,,Home & Garden > Kitchen & Dining > Tableware > Serveware > Serving Platters,https://cdn.shopify.com/s/files/1/0864/7006/6210/files/artcitihome-blue-pottery-square-d1-dish-a.jpg...
Blue Pottery Triangle Platter – 07,blue-pottery-triangle-platter-07,38.00,,Home & Garden > Decor > Decorative Trays,https://cdn.shopify.com/s/files/1/0864/7006/6210/files/platter-bluepottery-monarchheritage-1-removeb...
Blue Pottery Triangle Platter – 06,blue-pottery-triangle-platter-06,38.00,,Home & Garden > Decor > Decorative Trays,https://cdn.shopify.com/s/files/1/0864/7006/6210/files/platter-bluepottery-monarchheritage-triangle-...
Blue Pottery Triangle Platter – 05,blue-pottery-triangle-platter-05,38.00,,Home & Garden > Decor > Decorative Trays,https://cdn.shopify.com/s/files/1/0864/7006/6210/files/platter-bluepottery-monarchheritage-triangle-...
Blue Pottery Triangle Platter – 04,blue-pottery-triangle-platter-04,38.00,,Home & Garden > Decor > Decorative Trays,https://cdn.shopify.com/s/files/1/0864/7006/6210/files/bluepottery-ceramics-multanipottery-art-craft...
Blue Pottery Triangle Platter – 03,blue-pottery-triangle-platter-03,38.00,,Home & Garden > Decor > Decorative Trays,https://cdn.shopify.com/s/files/1/0864/7006/6210/files/bluepottery-ceramics-multanipottery-art-craft...
Blue Pottery Triangle Platter – 02,blue-pottery-triangle-platter-02,38.00,,Home & Garden > Decor > Decorative Trays,https://cdn.shopify.com/s/files/1/0864/7006/6210/files/bluepottery-ceramics-multanipottery-art-craft...
Blue Pottery Triangle Platter – 01,blue-pottery-triangle-platter-01,38.00,,Home & Garden > Decor > Decorative Trays,https://cdn.shopify.com/s/files/1/0864/7006/6210/files/bluepottery-ceramics-multanipottery-art-craft...
Traditional Wall Decor Plates Set,traditional-wall-decor-plates-set,107.60,,Home & Garden > Decor > Decorative Plates,https://cdn.shopify.com/s/files/1/0864/7006/6210/files/Best-Wall-Hanging-Plate.jpg?v=1771904120
Traditional Blue Pottery Tea Set,traditional-blue-pottery-tea-set,115.00,,Home & Garden > Kitchen & Dining > Tableware > Coffee & Tea Sets > Tea Sets,https://cdn.shopify.com/s/files/1/0864/7006/6210/files/8-Person-Blue-Pottery-Tea-Set.jpg?v=177190411...
Ceramic Dinner Set 6 Persons,ceramic-dinner-set-6-persons,45.00,,Home & Garden > Kitchen & Dining > Tableware > Dinnerware > Dinnerware Sets,https://cdn.shopify.com/s/files/1/0864/7006/6210/files/Blue-Pottery-Ceramic-Dinner-Set-6-Persons.jpg...
Butter Dish,butter-dish,40.00,,Home & Garden > Kitchen & Dining > Tableware > Serveware > Butter Dishes,https://cdn.shopify.com/s/files/1/0864/7006/6210/files/Small-blue-ceramic-butter-dish.jpg?v=17719041...
Bottle Vase,bottle-vase-1,48.00,,Home & Garden > Decor > Vases,https://cdn.shopify.com/s/files/1/0864/7006/6210/files/Small-blue-decorative-ceramic-vase-in-pakista...
Blue Pottery Wall Hanging Plates Set,blue-pottery-wall-hanging-plates-set,100.00,,Home & Garden > Decor > Decorative Plates,https://cdn.shopify.com/s/files/1/0864/7006/6210/files/Handmade-Multani-Blue-Pottery-Wall-Decor-remo...
Blue Pottery Table Decor Platter,blue-pottery-table-decor-platter,28.00,,Home & Garden > Decor > Decorative Trays,https://cdn.shopify.com/s/files/1/0864/7006/6210/files/Multani-Blue-Pottery-Table-Decor-Plate-remove...
Blue Felicity Serving Dish,blue-felicity-serving-dish,32.00,,Home & Garden > Kitchen & Dining > Tableware > Serveware > Serving Platters,https://cdn.shopify.com/s/files/1/0864/7006/6210/files/20241211_164524_2.jpg?v=1771904113
Blue Flower Large Serving Dish,blue-flower-large-serving-dish,48.00,,Home & Garden > Kitchen & Dining > Tableware > Serveware,https://cdn.shopify.com/s/files/1/0864/7006/6210/files/20241211_164917_2.jpg?v=1771904112
Blue Celico Small Vase,blue-celico-small-vase,43.00,,Home & Garden > Decor > Vases,https://cdn.shopify.com/s/files/1/0864/7006/6210/files/20241211_165751_1.jpg?v=1771904112
Serina Blue Large Handi with Lid,serina-blue-large-handi-with-lid,50.00,,Home & Garden > Kitchen & Dining > Tableware > Serveware,https://cdn.shopify.com/s/files/1/0864/7006/6210/files/20241211_170013_1.jpg?v=1771904111
Blue Celico Ash Tray,blue-celico-ash-tray,5.00,,Home & Garden > Smoking Accessories > Ashtrays,https://cdn.shopify.com/s/files/1/0864/7006/6210/files/20241211_170133_1.jpg?v=1771904109
Blue Felicity Shoe Ash Tray - Table Décor,blue-felicity-shoe-ash-tray-table-decor,40.00,,Home & Garden > Smoking Accessories > Ashtrays,https://cdn.shopify.com/s/files/1/0864/7006/6210/files/20241211_170607_1_542b2c36-72a7-44ec-8ac1-d66...
Blue Celico Round Serving Dish,blue-celico-round-serving-dish,35.00,,Home & Garden > Kitchen & Dining > Tableware > Serveware,https://cdn.shopify.com/s/files/1/0864/7006/6210/files/20241212_132208_1.jpg?v=1771904108
Blue Celico Mini Dish,blue-celico-mini-dish,10.18,,Home & Garden > Kitchen & Dining > Tableware > Serveware > Serving Platters,https://cdn.shopify.com/s/files/1/0864/7006/6210/files/20241212_132102_1.jpg?v=1771904107
Blue Celico Square Small Dish,blue-celico-square-small-dish,42.00,,Home & Garden > Kitchen & Dining > Tableware > Serveware > Serving Platters,https://cdn.shopify.com/s/files/1/0864/7006/6210/files/20241212_132014_1.jpg?v=1771904106
Blue Felicity Mini Serving Dish,blue-felicity-mini-serving-dish,15.85,,Home & Garden > Kitchen & Dining > Tableware > Serveware,https://cdn.shopify.com/s/files/1/0864/7006/6210/files/20241212_131845_2.jpg?v=1771904105
Blue Serina Mini Dish,blue-serina-mini-dish,38.00,,Home & Garden > Kitchen & Dining > Tableware > Serveware > Serving Trays,https://cdn.shopify.com/s/files/1/0864/7006/6210/files/20241212_130141_2_670a47d6-2014-4bee-a925-848...
Tranquility Leaf Dish,tranquility-leaf-dish,50.00,,Home & Garden > Decor > Decorative Trays,https://cdn.shopify.com/s/files/1/0864/7006/6210/files/20241212_125915_1_8ee493cf-80f5-4b60-8d9d-d26...
Blue Felicity Long Serving Dish,blue-felicity-long-serving-dish,80.00,,Home & Garden > Kitchen & Dining > Tableware > Serveware,https://cdn.shopify.com/s/files/1/0864/7006/6210/files/20241212_125737_1.jpg?v=1771904101
Blue Celico Serving Dish,blue-celico-serving-dish,20.00,,Home & Garden > Kitchen & Dining > Tableware > Serveware,https://cdn.shopify.com/s/files/1/0864/7006/6210/files/20241212_125319_1.jpg?v=1771904101
Serina Blue Raita Dish,serina-blue-raita-dish,43.00,,Home & Garden > Kitchen & Dining > Tableware > Serveware > Gravy Boats,https://cdn.shopify.com/s/files/1/0864/7006/6210/files/20241211_171446_1.jpg?v=1771904100
Tranquility Mini Dish,tranquility-mini-dish,45.00,,Home & Garden > Kitchen & Dining > Tableware > Serveware,https://cdn.shopify.com/s/files/1/0864/7006/6210/files/20241211_171402_1.jpg?v=1771904099
Blue Celico Triangle Dish,blue-celico-triangle-dish,30.00,,Home & Garden > Decor > Decorative Trays,https://cdn.shopify.com/s/files/1/0864/7006/6210/files/20241211_171155_1.jpg?v=1771904098
Blue Felicity Flat Dish,blue-felicity-flat-dish,34.00,,Home & Garden > Kitchen & Dining > Tableware > Serveware > Serving Platters,https://cdn.shopify.com/s/files/1/0864/7006/6210/files/20241212_134921_1.jpg?v=1771904097
Serina Blue Small Bowl,serina-blue-small-bowl,25.00,,Home & Garden > Kitchen & Dining > Tableware > Dinnerware > Bowls,https://cdn.shopify.com/s/files/1/0864/7006/6210/files/20241212_140244_1.jpg?v=1771904096
Serina Blue Large Bowl,serina-blue-large-bowl,40.00,,Home & Garden > Kitchen & Dining > Tableware > Dinnerware > Bowls,https://cdn.shopify.com/s/files/1/0864/7006/6210/files/20241212_140214_1_7ed4bc67-0389-4161-ba38-8e2...
Blue Felicity Large Bowl,blue-felicity-large-bowl,45.00,,Home & Garden > Kitchen & Dining > Tableware > Dinnerware > Bowls,https://cdn.shopify.com/s/files/1/0864/7006/6210/files/20241212_141527_1_1bc1dcad-fb62-46ab-abd6-379...
Serina Blue Bottle Hanging Planter,serina-blue-bottle-hanging-planter,55.00,,Home & Garden > Lawn & Garden > Gardening > Pots & Planters > Planters,https://cdn.shopify.com/s/files/1/0864/7006/6210/files/20241212_153658_1.jpg?v=1771904094
Serina Blue Large Ceramic Karahi,serina-blue-large-ceramic-karahi,50.00,,Home & Garden > Kitchen & Dining > Cookware & Bakeware > Cookware,https://cdn.shopify.com/s/files/1/0864/7006/6210/files/20241212_175412_1.jpg?v=1771904092
Tranquility Tea Set,tranquility-tea-set,105.00,,Home & Garden > Kitchen & Dining > Tableware > Coffee & Tea Sets > Tea Sets,https://cdn.shopify.com/s/files/1/0864/7006/6210/files/20241212_175750_1.jpg?v=1771904091
Tranquility Large Ceramic Karahi,tranquility-large-ceramic-karahi,50.00,,Home & Garden > Kitchen & Dining > Cookware & Bakeware > Cookware > Tagines & Clay Cooking Pots > Clay Cooking Pots,https://cdn.shopify.com/s/files/1/0864/7006/6210/files/20241212_180027_1.jpg?v=1771904091
Jungle Flower Ceramic Large Karahi,jungle-flower-ceramic-large-karahi,48.00,,Home & Garden > Kitchen & Dining > Cookware & Bakeware > Cookware,https://cdn.shopify.com/s/files/1/0864/7006/6210/files/20241212_180112_1.jpg?v=1771904090
Jungle Flower Ceramic Small Karahi,jungle-flower-ceramic-small-karahi,48.00,,Home & Garden > Kitchen & Dining > Cookware & Bakeware > Cookware,https://cdn.shopify.com/s/files/1/0864/7006/6210/files/20241212_180140_2_8a8177ea-2908-4349-a7e3-af9...
Blue Flower Flat Dish,blue-flower-flat-dish,50.00,,Home & Garden > Kitchen & Dining > Tableware > Serveware,https://cdn.shopify.com/s/files/1/0864/7006/6210/files/20241212_143314_1_2286a481-0c7a-4fb5-bf53-f0a...
Serina Blue Round Serving Dish,serina-blue-round-serving-dish,50.00,,Home & Garden > Kitchen & Dining > Tableware > Serveware,https://cdn.shopify.com/s/files/1/0864/7006/6210/files/20241212_150704_1.jpg?v=1771904087
Serina Blue Square Serving Dish,serina-blue-square-serving-dish,42.00,,Home & Garden > Kitchen & Dining > Tableware > Serveware,https://cdn.shopify.com/s/files/1/0864/7006/6210/files/20241212_150800_1.jpg?v=1771904086
Blue Celico Medium Cover Pot,blue-celico-medium-cover-pot,25.00,,Home & Garden > Kitchen & Dining > Cookware & Bakeware > Cookware > Tagines & Clay Cooking Pots > Clay Cooking Pots,https://cdn.shopify.com/s/files/1/0864/7006/6210/files/20241212_144157_1.jpg?v=1771904085
Blue Flower Medium Cover Pot,blue-flower-medium-cover-pot,52.00,,Home & Garden > Kitchen & Dining > Tableware > Serveware,https://cdn.shopify.com/s/files/1/0864/7006/6210/files/20241212_144349_1.jpg?v=1771904084
Blue Felicity Medium Cover Pot,blue-felicity-medium-cover-pot,28.00,,Home & Garden > Kitchen & Dining > Cookware & Bakeware > Cookware,https://cdn.shopify.com/s/files/1/0864/7006/6210/files/20241212_144639_1.jpg?v=1771904084
Tranquility Tinny Vase,tranquility-tinny-vase,38.00,,Home & Garden > Decor > Vases,https://cdn.shopify.com/s/files/1/0864/7006/6210/files/20241211_170114_1.jpg?v=1771904083
Serina Blue Tea Set,serina-blue-tea-set-1,115.00,,Home & Garden > Kitchen & Dining > Tableware > Coffee & Tea Sets > Tea Sets,https://cdn.shopify.com/s/files/1/0864/7006/6210/files/teaset.jpg?v=1771904082
Blue Pottery Kawa Set,blue-pottery-kawa-set,100.00,,Home & Garden > Kitchen & Dining > Tableware > Coffee & Tea Sets > Tea Sets,https://cdn.shopify.com/s/files/1/0864/7006/6210/files/image_1024x1024_2x_174c1426-1647-4ff5-b0f7-e2...
Blue Pottery Tray – Butter Dark Blue Design 1,blue-pottery-tray-butter-dark-blue-design-1,65.00,,Home & Garden > Kitchen & Dining > Tableware > Serveware > Serving Trays,https://cdn.shopify.com/s/files/1/0864/7006/6210/files/2356bb90-eb15-11ec-b7d8-9be52736023e-768x768....
Blue Pottery Dish Leaf Shape,blue-pottery-dish-leaf-shape,48.00,,Home & Garden > Decor > Decorative Trays,https://cdn.shopify.com/s/files/1/0864/7006/6210/files/90d10b40-802f-11ec-a1aa-71bd96797458-768x768....
Blue Pottery – Coasters (Pair),blue-pottery-coasters-pair,42.00,,Home & Garden > Kitchen & Dining > Barware > Coasters,https://cdn.shopify.com/s/files/1/0864/7006/6210/files/1516-768x768.jpg?v=1771904078
Handmade Blue pottery bowls,handmade-blue-pottery-bowls,50.00,,Home & Garden > Decor > Decorative Bowls,https://cdn.shopify.com/s/files/1/0864/7006/6210/files/FA003B.jpg?v=1771904076
Gava Arabian Tea Set,gava-arabian-tea-set,90.00,,Home & Garden > Kitchen & Dining > Tableware > Coffee & Tea Sets > Tea Sets,https://cdn.shopify.com/s/files/1/0864/7006/6210/files/FA023.jpg?v=1771904076
Blue Pottery Birds Nest,blue-pottery-birds-nest,48.00,,Home & Garden > Decor > Bird & Wildlife Houses > Birdhouses,https://cdn.shopify.com/s/files/1/0864/7006/6210/files/JS005.jpg?v=1771904075
Blue Pottery Flower Vase,blue-pottery-flower-vase,28.00,,Home & Garden > Decor > Vases,https://cdn.shopify.com/s/files/1/0864/7006/6210/files/JS026a.jpg?v=1771904074
Blue pottery table top vase,blue-pottery-table-top-vase,33.00,,Home & Garden > Decor > Vases,https://cdn.shopify.com/s/files/1/0864/7006/6210/files/MC006a.jpg?v=1771904073
Blue Pottery Table Top Jinni Vase,blue-pottery-table-top-jinni-vase,40.00,,Home & Garden > Decor > Vases,https://cdn.shopify.com/s/files/1/0864/7006/6210/files/MC007a.jpg?v=1771904072
Table top blue pottery vase,table-top-blue-pottery-vase,40.00,,Home & Garden > Decor > Vases,https://cdn.shopify.com/s/files/1/0864/7006/6210/files/MC008a.jpg?v=1771904072
Serina Blue Tea Set,serina-blue-tea-set,115.00,,Home & Garden > Kitchen & Dining > Tableware > Coffee & Tea Sets > Tea Sets,https://cdn.shopify.com/s/files/1/0864/7006/6210/files/ceramics-serina-blue-tea-set-28000557170770.j...
Shai Dry Fruit Set,shai-dry-fruit-set,75.00,,Home & Garden > Kitchen & Dining > Tableware > Serveware > Serving Trays,https://cdn.shopify.com/s/files/1/0864/7006/6210/files/Chatni-Bowl-Set-1.jpg?v=1771904070
Shahi Handi Serving,shahi-handi-serving,55.00,,Home & Garden > Kitchen & Dining > Tableware > Serveware,https://cdn.shopify.com/s/files/1/0864/7006/6210/files/Shahi-Handi-Serving.jpg?v=1771904068
Serving Karahi Set,serving-karahi-set,85.00,,Home & Garden > Kitchen & Dining > Tableware > Serveware,https://cdn.shopify.com/s/files/1/0864/7006/6210/files/Serving-Karahi-Set-1-1.jpg?v=1771904068
Rectangle Serving Tray Set,rectangle-serving-tray-set,80.00,,Home & Garden > Kitchen & Dining > Tableware > Serveware > Serving Trays,https://cdn.shopify.com/s/files/1/0864/7006/6210/files/Rectangle-Serving-Tray-Set.jpg?v=1771904066
Fruit Tray (Medium),fruit-tray-medium,24.41,,Home & Garden > Decor > Decorative Trays,https://cdn.shopify.com/s/files/1/0864/7006/6210/files/DeWatermark.ai_1740506917484.png?v=1771904066
Fish Dish Large,fish-dish-large,48.00,,Home & Garden > Decor > Decorative Trays,https://cdn.shopify.com/s/files/1/0864/7006/6210/files/Fish-Dish-Large.jpg?v=1771904064
Dry Fruit Set 6 Pieces,dry-fruit-set-6-pieces,48.00,,Home & Garden > Kitchen & Dining > Tableware > Serveware,https://cdn.shopify.com/s/files/1/0864/7006/6210/files/wmremove-transformed_1.jpg?v=1771904064
Cake Stand,cake-stand,38.00,,Home & Garden > Kitchen & Dining > Tableware > Serveware > Cake Stands,https://cdn.shopify.com/s/files/1/0864/7006/6210/files/wmremove-transformed.jpg?v=1771904063
Butter Dish Set,butter-dish-set,64.00,,Home & Garden > Kitchen & Dining > Tableware > Serveware > Butter Dishes,https://cdn.shopify.com/s/files/1/0864/7006/6210/files/Butter-Dish-Set.jpg?v=1771904062
Flower Vase Wall Hanging,flower-vase-wall-hanging,50.00,,Home & Garden > Decor > Vases,https://cdn.shopify.com/s/files/1/0864/7006/6210/files/ldPp9yyM48xqNGwyL6PrfnbO5ft1blGUduH2gnNk-remo...
Planter,planter-1,90.00,,Home & Garden > Lawn & Garden > Gardening > Pots & Planters > Planters,https://cdn.shopify.com/s/files/1/0864/7006/6210/files/rmN1zFbNjGmd0rjCLd7xqOruU7jHV4UErYZKy3Sf-remo...
Candy Jar,candy-jar,57.00,,Home & Garden > Kitchen & Dining > Food Storage > Cookie Jars,https://cdn.shopify.com/s/files/1/0864/7006/6210/files/3noNMZWK3ZjZtUidt6EXOdnoI99qVZFcBwm9qJfi-remo...
Leaf Dish,leaf-dish,50.00,,Home & Garden > Decor > Decorative Trays,https://cdn.shopify.com/s/files/1/0864/7006/6210/files/qKKDT633t3I1I0Yppj1tTjHMspOtZfhSSPkQ5lnd-remo...
Fish Dish,fish-dish,42.00,,Home & Garden > Decor > Decorative Trays,https://cdn.shopify.com/s/files/1/0864/7006/6210/files/6GqXnujdhQx7clIlICm4tWWvcjT0tTSaDihk0yMI-remo...
Triangle Ash Tray,triangle-ash-tray,25.00,,Home & Garden > Smoking Accessories > Ashtrays,https://cdn.shopify.com/s/files/1/0864/7006/6210/files/RvMYH5NRotPdreZqg0GcMWR6XuQhfRAIU7JqhJrc-remo...
Cup,cup,18.00,,Home & Garden > Kitchen & Dining > Tableware > Drinkware > Mugs,https://cdn.shopify.com/s/files/1/0864/7006/6210/files/aklh5ej4sevWzQico2dedUl0HQIKn691HphZuwzW-remo...
Pickle Pot,pickle-pot,35.00,,Home & Garden > Kitchen & Dining > Food Storage,https://cdn.shopify.com/s/files/1/0864/7006/6210/files/dahS2T0kuEDTXzmRIhTYeV39OfoJCTrN1AXdq6qJ-remo...
Dry Fruit Dish-III,dry-fruit-dish-iii,35.00,,Home & Garden > Kitchen & Dining > Tableware > Serveware,https://cdn.shopify.com/s/files/1/0864/7006/6210/files/li8MgfpecClpIdfZxMInuZDnxllzQXwSTglKH0wm-remo...
Donga-II,donga-ii,36.00,,Home & Garden > Kitchen & Dining > Cookware & Bakeware > Cookware > Tagines & Clay Cooking Pots > Tagines,https://cdn.shopify.com/s/files/1/0864/7006/6210/files/hHh422POBMtJRwIsiOPKBejKvSPjeT3CHr2JJxWY-remo...
Long Dish II,long-dish-ii,46.00,,Home & Garden > Kitchen & Dining > Tableware > Serveware,https://cdn.shopify.com/s/files/1/0864/7006/6210/files/vvjSzYRfDMuKSoyh2RHz0caqBuiaNaCqdppgVYfx-remo...
Handi,handi,55.00,,Home & Garden > Kitchen & Dining > Cookware & Bakeware > Cookware > Tagines & Clay Cooking Pots > Clay Cooking Pots,https://cdn.shopify.com/s/files/1/0864/7006/6210/files/nxW0fWMBkz66jNOnUB6YdeMR4DkIjkaGt7Cgm3pF-remo...
Plate,plate,30.00,,Home & Garden > Decor > Decorative Plates,https://cdn.shopify.com/s/files/1/0864/7006/6210/files/136MLSB5WYVGhl1OGSWTIXFfwDWxGO3sis0TB97L-remo...
Vase Planter,vase-planter,65.00,,Home & Garden > Lawn & Garden > Gardening > Pots & Planters > Planters,https://cdn.shopify.com/s/files/1/0864/7006/6210/files/liuzcEYjdhUXbRUGlCUFJgg15fUZdRpnbNloisvw-remo...
VIP Jar Vase,vip-jar-vase,50.00,,Home & Garden > Decor > Vases,https://cdn.shopify.com/s/files/1/0864/7006/6210/files/wLuEEhRZVSwkwym9jSTxMEiqYWiLbY5RCiPqqiId-remo...
Vase,vase-9,90.00,,Home & Garden > Decor > Vases,https://cdn.shopify.com/s/files/1/0864/7006/6210/files/WhatsAppImage2025-04-13at4.22.06AM.jpg?v=1771...
Flower Vase,flower-vase-1,40.00,,Home & Garden > Decor > Vases,https://cdn.shopify.com/s/files/1/0864/7006/6210/files/n9xYW1PYdbZNgctKX317NvvO4ApYrTCw2Irj92K5-remo...
Tea Pot,tea-pot,43.00,,Home & Garden > Kitchen & Dining > Tableware > Coffee Servers & Teapots > Teapots,https://cdn.shopify.com/s/files/1/0864/7006/6210/files/xtXjr0GGIzYMXG9UfV5J7PcryXHHvISgnSECHGoh-remo...
Flower Vase,flower-vase,65.00,,Home & Garden > Decor > Vases,https://cdn.shopify.com/s/files/1/0864/7006/6210/files/8zswaBfCLH0XuCmwS7CSR4c7qKyDTiy5xwLUECXC-remo...
Vase,vase-8,60.00,,Home & Garden > Decor > Vases,https://cdn.shopify.com/s/files/1/0864/7006/6210/files/AkF1kXA2vyf4D4ShuXMjq7LxGrS2CJzHfONlbeem-remo...
Vase,vase-7,60.00,,Home & Garden > Decor > Vases,https://cdn.shopify.com/s/files/1/0864/7006/6210/files/ERwiG4Gm9v0ELoqKTVNfloDLSha2nT2knoXYBrsj-remo...
Vase,vase-6,48.00,,Home & Garden > Decor > Vases,https://cdn.shopify.com/s/files/1/0864/7006/6210/files/YakOK1MTlDKybOBautc6UuypqsZRJqDZXNREdfJl-remo...
Vase,vase-5,74.00,,Home & Garden > Decor > Vases,https://cdn.shopify.com/s/files/1/0864/7006/6210/files/qXpwbnmaXda0xivVUsSH02kIZmdwojLWCBthyzHw-remo...
Vase,vase-4,74.00,,Home & Garden > Decor > Vases,https://cdn.shopify.com/s/files/1/0864/7006/6210/files/dtXeHYgcVPYSNN6zNQE7uLePeXalxkltOuPpRd4t-remo...
Vase,vase-3,74.00,,Home & Garden > Decor > Vases,https://cdn.shopify.com/s/files/1/0864/7006/6210/files/p0e8lXESRfBxF6auIfBtHmPX1xywr5v2BxuOS0aC-remo...
Ashtray,ashtray-1,22.00,,Home & Garden > Smoking Accessories > Ashtrays,https://cdn.shopify.com/s/files/1/0864/7006/6210/files/6383dGOvjDE4AzxAwPrVtnsFO9fzvJiAOpK7geHk-remo...
Round Jewelry Box,round-jewelry-box,48.00,,Health & Beauty > Jewelry Cleaning & Care > Jewelry Holders > Jewelry Boxes,https://cdn.shopify.com/s/files/1/0864/7006/6210/files/tJEdMrrcM0IDHkbs7mc7Ftfx9aS62Y1Pd3AWoBjH-remo...
Cookie Jar,cookie-jar,48.00,,Home & Garden > Kitchen & Dining > Food Storage > Cookie Jars,https://cdn.shopify.com/s/files/1/0864/7006/6210/files/D70SiCDdnnlP41PNeD2n51nef31snmEXMY7lMCrH-remo...
Chinese Jar,chinese-jar-1,50.00,,Home & Garden > Decor > Decorative Jars,https://cdn.shopify.com/s/files/1/0864/7006/6210/files/1e7jNTuPrGYn7K93RfzG2DNp6BlR9VEevOIlaIIe-remo...
Dish,dish,38.00,,Home & Garden > Kitchen & Dining > Tableware > Serveware,https://cdn.shopify.com/s/files/1/0864/7006/6210/files/J8LaKw9jAYto1xH9liGNeyIue4eunwAWUcHQleUK-remo...
Ceramic Jug,ceramic-jug,36.00,,Home & Garden > Kitchen & Dining > Tableware > Serveware > Serving Pitchers & Carafes,https://cdn.shopify.com/s/files/1/0864/7006/6210/files/xMGFKNjcArlU8OtLdXnA7r9dDiaxMHjXHAbKq5Bp-remo...
Juice Mug,juice-mug,16.00,,Home & Garden > Kitchen & Dining > Tableware > Drinkware > Mugs,https://cdn.shopify.com/s/files/1/0864/7006/6210/files/P4IqFinBDXJm1j5quye58hQsBpLhHIkJYiN3rVyZ-remo...
Ceramic Rice Dish,ceramic-rice-dish,44.00,,Home & Garden > Kitchen & Dining > Tableware > Serveware,https://cdn.shopify.com/s/files/1/0864/7006/6210/files/hlTOsMnHScMCfY1q4NbjJ2reY1wu2ha4shqmNcsy-remo...
Rocket Vase,rocket-vase,60.00,,Home & Garden > Decor > Vases,https://cdn.shopify.com/s/files/1/0864/7006/6210/files/z3cwpa0oU2IP8D6yKTC8INQ9UoSpmCGSZUcEHPNJ-remo...
Vase,vase-2,80.00,,Home & Garden > Decor > Vases,https://cdn.shopify.com/s/files/1/0864/7006/6210/files/62JF9iCZ0Uk5AufwxG5m8Oh4nBwS1aPadlkpgGzu-remo...
Salad Dish,salad-dish,50.00,,Home & Garden > Kitchen & Dining > Tableware > Serveware,https://cdn.shopify.com/s/files/1/0864/7006/6210/files/xYYw45ACKFJoxfEwXeClFfnEQFktZ92FEjwHhiQQ-remo...
Dish Rectangular Shape,dish-rectangular-shape,46.00,,Home & Garden > Kitchen & Dining > Tableware > Serveware,https://cdn.shopify.com/s/files/1/0864/7006/6210/files/XP1bOjFCgXwaLdEmuH66TTiUF2aS2lK2NrB82744-remo...
Planter,planter,65.00,,Home & Garden > Lawn & Garden > Gardening > Pots & Planters > Planters,https://cdn.shopify.com/s/files/1/0864/7006/6210/files/8xxpEapVlggJEzRHatAZOz0aVXNUvzUpqnDPB79T-remo...
Dinner Plate,dinner-plate,30.00,,Home & Garden > Kitchen & Dining > Tableware > Dinnerware > Plates,https://cdn.shopify.com/s/files/1/0864/7006/6210/files/szjyuqLn4pWdkhC5VXDpuDW1Gtgar6TpoLBJZfw6-remo...
Fruit Tray Long,fruit-tray-long,45.00,,Home & Garden > Decor > Decorative Trays,https://cdn.shopify.com/s/files/1/0864/7006/6210/files/TXJ2faWpy6IfnGftyXv8V9D2Npc2GPC5o5C66NHK-remo...
Chinese Jar,chinese-jar,75.00,,Home & Garden > Decor > Decorative Jars,https://cdn.shopify.com/s/files/1/0864/7006/6210/files/4bjZ0mzbAoE4h9waAzKQ5WHwD052doD6aNmGNvRU-remo...
Cylinder Vase,cylinder-vase,52.00,,Home & Garden > Decor > Vases,https://cdn.shopify.com/s/files/1/0864/7006/6210/files/PxAZvwCpIjMewe7FE3V6yhtigQpX57cqVd3ortzL-remo...
Tray / Dish,tray-dish,44.00,,Home & Garden > Decor > Decorative Trays,https://cdn.shopify.com/s/files/1/0864/7006/6210/files/EVKESspPrMu7DOyUtRkQ1S5XXP8wWPIBe3VWhZz2-remo...
Fruit Tray II,fruit-tray-ii,42.00,,Home & Garden > Decor > Decorative Trays,https://cdn.shopify.com/s/files/1/0864/7006/6210/files/4VaC3sLJ6hU4U8RCAHzmxsCE2kuCWt15pu6xmKRe-remo...
Medium Vase III,medium-vase-iii,42.00,,Home & Garden > Decor > Vases,https://cdn.shopify.com/s/files/1/0864/7006/6210/files/gQYWWWWc7EmZbZ2Uh6naqid1e4iltHKdiUpwzfYq-remo...
Gravy Boats,raita-pot,40.00,,Home & Garden > Kitchen & Dining > Tableware > Serveware > Gravy Boats,https://cdn.shopify.com/s/files/1/0864/7006/6210/files/ZrD7KAfg7EnieZSVOJOu6UXFa6QU0kX3OAdRPbFf-remo...
New Gamla Vase,new-gamla-vase,50.00,,Home & Garden > Decor > Vases,https://cdn.shopify.com/s/files/1/0864/7006/6210/files/0RISxykUolMqo9ELZCSeRLLtC52bPuIYafm8Y0P4-remo...
Jam Jar,jam-jar,55.00,,Home & Garden > Kitchen & Dining > Food Storage,https://cdn.shopify.com/s/files/1/0864/7006/6210/files/I5TSDUHc4wQvst9X2Nr9xrFQ9klFUWzKWm9g1of3-remo...
Vase,vase-1,64.00,,Home & Garden > Decor > Vases,https://cdn.shopify.com/s/files/1/0864/7006/6210/files/jkIfC5fGuUeGydlDyXNm5n4mJTohW63pgDpS5Qiu-remo...
Medium Vase II,medium-vase-ii,65.00,,Home & Garden > Decor > Vases,https://cdn.shopify.com/s/files/1/0864/7006/6210/files/8fZbNnKlHsU1RS0U1bbRTjQH6C3XiUglkdFQPT6R-remo...
Medium Vase I,medium-vase-i,75.00,,Home & Garden > Decor > Vases,https://cdn.shopify.com/s/files/1/0864/7006/6210/files/zEjb8qhpScHU5QAmSzsayBCVa2ZdtG5y2KJ5ukzF-remo...
Medium Vase IV,medium-vase-iv,72.00,,Home & Garden > Decor > Vases,https://cdn.shopify.com/s/files/1/0864/7006/6210/files/03EWs4GSFDs3diPRwMVZ7wNjMMeEoJtFhzsxIzUf-remo...
Small Vase,small-vase,43.00,,Home & Garden > Decor > Vases,https://cdn.shopify.com/s/files/1/0864/7006/6210/files/JKbqTYJah6uJrB1CWaT1AWrm6qTOzl1xg6Sxkzp0-remo...
Jewelry Box,jewelry-box,38.00,,Health & Beauty > Jewelry Cleaning & Care > Jewelry Holders > Jewelry Boxes,https://cdn.shopify.com/s/files/1/0864/7006/6210/files/QBYY5KZFOTtidMYQFRWRwqHudKPiwNiVw3QvEQhQ-remo...
NS Bowl I,ns-bowl-i,50.00,,Home & Garden > Decor > Decorative Bowls,https://cdn.shopify.com/s/files/1/0864/7006/6210/files/OlkVxzfpIcC8ysUu3iLy74fvSAMu2whNCfaJqbAb-remo...
Ashtray,ashtray,18.00,,Home & Garden > Smoking Accessories > Ashtrays,https://cdn.shopify.com/s/files/1/0864/7006/6210/files/6eVuy9NGtvr6n9XnKUrueJOvMyzSJCfNp37GoxXi-remo...
Pizza Dish,pizza-dish,48.00,,Home & Garden > Kitchen & Dining > Cookware & Bakeware > Bakeware > Pizza Pans,https://cdn.shopify.com/s/files/1/0864/7006/6210/files/ROD6byMSg1zZKXFoXjlMCuJ8D1Xfs5paBfU30291-remo...
Bottle Vase,bottle-vase,45.00,,Home & Garden > Decor > Vases,https://cdn.shopify.com/s/files/1/0864/7006/6210/files/BPHJiyNa4JINZ4jKigVi2XGg76h4NplNSwwnTORa-remo...
Bone China Pitcher Vase,bone-china-pitcher-vase,38.00,,Home & Garden > Decor > Vases,https://cdn.shopify.com/s/files/1/0864/7006/6210/files/oayeUytGXeq0hQWUSHBy7WgTp72rxGRTdY1x58y2-remo...
Flower Pitcher Vase,flower-pitcher-vase,99.67,,Home & Garden > Decor > Vases,https://cdn.shopify.com/s/files/1/0864/7006/6210/files/GRJpKTLFwlTFbfmQIFdR8IFYRLXCNI0hCs3jqJds-remo...
Deep Square Bowl,deep-square-bowl,35.00,,Home & Garden > Kitchen & Dining > Tableware > Dinnerware > Bowls,https://cdn.shopify.com/s/files/1/0864/7006/6210/files/1WR4g8K7li3kPZ6jEiOUKmB66G9SiNGpKw5F2QLO-remo...
Pen Holder,pen-holder,26.00,,Office Supplies > Filing & Organization > Desk Organizers > Pen Holders,https://cdn.shopify.com/s/files/1/0864/7006/6210/files/eq3PV6HbhZsiUK7xBGHvDXCLzcSMvfy14FEPRd2n-remo...
Vase Jug,vase-jug,55.00,,Home & Garden > Decor > Vases,https://cdn.shopify.com/s/files/1/0864/7006/6210/files/E7GOKFAkUpTBOkUXNPwBItnmANJbwMkI8RM4q8EX-remo...
Balla Dish,balla-dish,24.00,,Home & Garden > Kitchen & Dining > Tableware > Serveware,https://cdn.shopify.com/s/files/1/0864/7006/6210/files/sRdTc0regYoQPrh6ZZyu443itOo98aUTd2Roy61a-remo...
Ashtry,ashtry,13.00,,Home & Garden > Smoking Accessories > Ashtrays,https://cdn.shopify.com/s/files/1/0864/7006/6210/files/FHFuNd8xTj9t0jWv8s6UvKeRefIjdeyn3mRvz4Qx-remo...
Vase,vase,64.00,,Home & Garden > Decor > Vases,https://cdn.shopify.com/s/files/1/0864/7006/6210/files/ycmp916gnShGGKXPPWPw6ECNWQroYTNEp8Hb74Wp-remo...
Khosa Ashtray,khosa-ashtray,28.00,,Home & Garden > Smoking Accessories > Ashtrays,https://cdn.shopify.com/s/files/1/0864/7006/6210/files/jzZPcJ1ZbAnZmGaIxnMZDFOhgBKfT7S6skw8ICSt-remo...
Powder Pot,powder-pot,42.00,,Health & Beauty > Personal Care > Cosmetics > Cosmetic Tools > Makeup Tools > Refillable Makeup Palettes & Cases,https://cdn.shopify.com/s/files/1/0864/7006/6210/files/ZCpXLcDnShqAMVpeMtLVWixjNKgWYrduKLUvP8jZ-remo...
Blue Pottery Pigeon,blue-pottery-pigeon,22.00,,Home & Garden > Decor > Artwork > Sculptures & Statues,https://cdn.shopify.com/s/files/1/0864/7006/6210/files/laMfHugb1KcGPtouAmblFDmpZjtQKjypehGl4jxd-remo...
Horse,horse,17.00,,Home & Garden > Decor > Figurines,https://cdn.shopify.com/s/files/1/0864/7006/6210/files/O0LZjvd5JF3lgRbQ5Lp9D7uQaZWABvXMLpZZm6n7-remo...
Yogurt Bowl,yogurt-bowl,44.00,,Home & Garden > Kitchen & Dining > Tableware > Serveware > Gravy Boats,https://cdn.shopify.com/s/files/1/0864/7006/6210/files/qbbm7nOpyvX9RJJfU8aGvz48GLNUvqSfGzT7QzIJ_we-r...
Blue Pattern Medium Serving Dish,blue-pattern-medium-serving-dish-1,50.00,,Home & Garden > Kitchen & Dining > Tableware > Serveware > Serving Platters,https://cdn.shopify.com/s/files/1/0864/7006/6210/files/B62449F4-499D-4D48-8980-E399C85945C7_1.jpg?v=...
Blue Pattern Small Square Dish,blue-pattern-small-square-dish,8.91,,Home & Garden > Kitchen & Dining > Tableware > Serveware,https://cdn.shopify.com/s/files/1/0864/7006/6210/files/929603FD-FD1B-4DE9-9CDB-84E6ECE0544C.jpg?v=17...
Blue Pattern Small Bowl - Set of 2,blue-pattern-small-bowl-set-of-2,40.00,,Home & Garden > Kitchen & Dining > Tableware > Dinnerware > Bowls,https://cdn.shopify.com/s/files/1/0864/7006/6210/files/9D75AF63-BA51-4C72-B4FA-0E6E29989D7E.jpg?v=17...
Blue Pattern Large Serving Bowl,blue-pattern-large-serving-bowl,48.00,,Home & Garden > Kitchen & Dining > Tableware > Dinnerware > Bowls,https://cdn.shopify.com/s/files/1/0864/7006/6210/files/2CC3BD6B-F8DD-4629-8BDE-DA914174A8DF.jpg?v=17...
Breeze Blue Quarter Plate,breeze-blue-quarter-plate,38.00,,Home & Garden > Kitchen & Dining > Tableware > Dinnerware > Plates,https://cdn.shopify.com/s/files/1/0864/7006/6210/files/EBC7FEF4-EE5F-4FC5-BACC-5BD46B68B888.jpg?v=17...
Light Serina Blue Oval Dish,light-serina-blue-oval-dish,55.00,,Home & Garden > Kitchen & Dining > Tableware > Serveware,https://cdn.shopify.com/s/files/1/0864/7006/6210/files/FC425261-121D-4E83-B81F-8F249DE6262B.jpg?v=17...
Breeze Blue Oval Dish,breeze-blue-oval-dish,48.00,,Home & Garden > Kitchen & Dining > Tableware > Serveware,https://cdn.shopify.com/s/files/1/0864/7006/6210/files/981839B7-2E4C-4318-A113-283349D9E8E1.jpg?v=17...
Breeze Blue Tea Set,breeze-blue-tea-set,100.00,,Home & Garden > Kitchen & Dining > Tableware > Coffee & Tea Sets > Tea Sets,https://cdn.shopify.com/s/files/1/0864/7006/6210/files/3B66C377-5B60-4ED3-8CCE-C46DAD6A69CE.jpg?v=17...
Blue Pattern Raita Dish,blue-pattern-raita-dish,7.12,,Home & Garden > Kitchen & Dining > Tableware > Serveware > Gravy Boats,https://cdn.shopify.com/s/files/1/0864/7006/6210/files/A3E83167-FFB4-4950-B1EC-8B465A79BC8C.jpg?v=17...
Ocean Night Medium Square Dish,ocean-night-medium-square-dish,48.00,,Home & Garden > Kitchen & Dining > Tableware > Serveware > Serving Platters,https://cdn.shopify.com/s/files/1/0864/7006/6210/files/625679D0-3F75-463A-9016-293973EFD1DA.jpg?v=17...
Ocean Night Small Square Dish,ocean-night-small-square-dish,48.00,,Home & Garden > Kitchen & Dining > Tableware > Dinnerware > Dinnerware Sets,https://cdn.shopify.com/s/files/1/0864/7006/6210/files/EE716F4D-5A10-4620-AB49-2D7BE2815DEE.jpg?v=17...
Ocean Blue Large Square Dish,ocean-blue-large-square-dish,48.00,,Home & Garden > Kitchen & Dining > Tableware > Serveware > Serving Platters,https://cdn.shopify.com/s/files/1/0864/7006/6210/files/C8E71ECC-607B-4D62-8ECB-354385F62C59.jpg?v=17...
Ocean Blue Large Pizza Platter,ocean-blue-large-pizza-platter,50.00,,Home & Garden > Kitchen & Dining > Tableware > Serveware > Serving Platters,https://cdn.shopify.com/s/files/1/0864/7006/6210/files/E4B6DF65-0B61-4F31-8EB7-BEB86C69505C.jpg?v=17...
Ocean Blue Deep Pizza Platter,ocean-blue-deep-pizza-platter,60.00,,Home & Garden > Kitchen & Dining > Tableware > Serveware > Serving Platters,https://cdn.shopify.com/s/files/1/0864/7006/6210/files/47A097DA-0D3F-4748-BDAE-D653260AF92F.jpg?v=17...
Ocean Blue Serving Dish,ocean-blue-serving-dish,55.00,,Home & Garden > Kitchen & Dining > Tableware > Serveware,https://cdn.shopify.com/s/files/1/0864/7006/6210/files/18EFA7F4-CB17-4975-A588-BC0C5F1CEBF3.jpg?v=17...
Ocean Blue Deep Serving Dish,ocean-blue-deep-serving-dish,60.00,,Home & Garden > Kitchen & Dining > Tableware > Serveware > Serving Platters,https://cdn.shopify.com/s/files/1/0864/7006/6210/files/F20D7771-50B6-4C6E-85D1-6196310B9345.jpg?v=17...
Breeze Blue Large Handi,breeze-blue-large-handi,48.00,,Home & Garden > Kitchen & Dining > Tableware > Serveware,https://cdn.shopify.com/s/files/1/0864/7006/6210/files/8A9A05DF-AD92-4BD5-96C7-6178D844AB06.jpg?v=17...
Breeze Blue Small Handi,breeze-blue-small-handi,38.00,,Home & Garden > Kitchen & Dining > Tableware > Serveware,https://cdn.shopify.com/s/files/1/0864/7006/6210/files/B05E811B-D47F-487F-B142-B378DE2B8726.jpg?v=17...
Breeze Blue Cover Pot,breeze-blue-cover-pot,50.00,,Home & Garden > Kitchen & Dining > Tableware > Serveware,https://cdn.shopify.com/s/files/1/0864/7006/6210/files/E165E5EC-254C-41EE-9B47-79AAE503A8DF.jpg?v=17...
Serina Blue Large Vase,serina-blue-large-vase,80.00,,Home & Garden > Decor > Vases,https://cdn.shopify.com/s/files/1/0864/7006/6210/files/1A591C08-4BBF-4071-940E-B9F73B8B98F0.jpg?v=17...
Blue Felicity Large Vase,blue-felicity-large-vase,65.00,,Home & Garden > Decor > Vases,https://cdn.shopify.com/s/files/1/0864/7006/6210/files/64CB509D-8C31-43D7-A7A5-C3232663B9F1.jpg?v=17...
Breeze Blue Large Jar,breeze-blue-large-jar,48.00,,Home & Garden > Kitchen & Dining > Food Storage > Food Storage Containers,https://cdn.shopify.com/s/files/1/0864/7006/6210/files/B20DCA9E-1039-4CF9-A0F3-50E864B6731C.jpg?v=17...
Urban Blue Large Serving Dish,urban-blue-large-serving-dish,60.00,,Home & Garden > Kitchen & Dining > Tableware > Serveware > Serving Platters,https://cdn.shopify.com/s/files/1/0864/7006/6210/files/0FC56120-91AE-4495-8077-58393E650C59.jpg?v=17...
Breeze Blue Large Rectangle Dish,breeze-blue-large-rectangle-dish,50.00,,Home & Garden > Kitchen & Dining > Tableware > Serveware,https://cdn.shopify.com/s/files/1/0864/7006/6210/files/CAACB51A-3117-4AF1-B0B9-1DADC81EA245.jpg?v=17...
Blue Flower Big Round Platter,blue-flower-big-round-platter,28.00,,Home & Garden > Kitchen & Dining > Tableware > Serveware > Serving Platters,https://cdn.shopify.com/s/files/1/0864/7006/6210/files/IMG_4480_e806b099-6b29-4739-b62e-ea8c8a520d81...
Blue Pattern Dinner plate,blue-pattern-dinner-plate-1,50.00,,Home & Garden > Kitchen & Dining > Tableware > Dinnerware > Plates,https://cdn.shopify.com/s/files/1/0864/7006/6210/files/D061405E-4E93-44C8-BD1D-643B3C4625B7_1.jpg?v=...
Serina Blue Dinner Plate,serina-blue-dinner-plate,34.00,,Home & Garden > Kitchen & Dining > Tableware > Dinnerware > Plates,https://cdn.shopify.com/s/files/1/0864/7006/6210/files/plates-platters-serina-blue-dinner-plate-2825...
Breeze Blue Quarter Plate,breeze-blue-quarter-plate-1,30.00,,Home & Garden > Kitchen & Dining > Tableware > Dinnerware > Plates,https://cdn.shopify.com/s/files/1/0864/7006/6210/files/EBC7FEF4-EE5F-4FC5-BACC-5BD46B68B888_1.jpg?v=...
Blue Flower Quarter Plate,3-56,55.00,,Home & Garden > Kitchen & Dining > Tableware > Dinnerware > Plates,https://cdn.shopify.com/s/files/1/0864/7006/6210/files/EBC7FEF4-EE5F-4FC5-BACC-5BD46B68B888_1_e834d3...
Multi Flower Quarter Plate,multi-flower-quarter-plate-1,28.00,,Home & Garden > Kitchen & Dining > Tableware > Dinnerware > Plates,https://cdn.shopify.com/s/files/1/0864/7006/6210/files/198C05C2-454F-4461-9E5C-D0AA10684FDC_1.jpg?v=...
Blue Pattern Quarter Plate,blue-pattern-quarter-plate-1,48.00,,Home & Garden > Kitchen & Dining > Tableware > Dinnerware > Plates,https://cdn.shopify.com/s/files/1/0864/7006/6210/files/54579BB5-810D-4A3A-B500-518E7B9BB84D_1.jpg?v=...
Special Large Platter Calligraphy V,special-large-platter-calligraphy-v,60.00,,Home & Garden > Kitchen & Dining > Tableware > Serveware > Serving Platters,https://cdn.shopify.com/s/files/1/0864/7006/6210/files/F44A127F-BABE-4B17-AC96-B847CCADAE7C.jpg?v=17...
Tranquility Surahi Vase,tranquility-surahi-vase,65.00,,Home & Garden > Decor > Vases,https://cdn.shopify.com/s/files/1/0864/7006/6210/files/96F5047E-0689-4F6C-9938-122DF490A786.jpg?v=17...
Blue Felicity Large Surahi Vase,blue-felicity-large-surahi-vase,30.00,,Home & Garden > Decor > Vases,https://cdn.shopify.com/s/files/1/0864/7006/6210/files/2A218436-2C86-4792-97B8-FB7DD632E5CA.jpg?v=17...
Tranquility Long Vase,tranquility-long-vase,65.00,,Home & Garden > Decor > Vases,https://cdn.shopify.com/s/files/1/0864/7006/6210/files/5742C2B1-B97C-4E07-982D-62148E40B5A8.jpg?v=17...
Serina Blue Vase,serina-blue-vase-1,80.00,,Home & Garden > Decor > Vases,https://cdn.shopify.com/s/files/1/0864/7006/6210/files/D9AE007E-3CCC-4216-AA12-55121248215A_1.jpg?v=...
